,STN---,WBAN , YEARMODA,   TEMP,  ,   DEWP,  .1,  SLP  ,  .2,  STP  ,  .3, VISIB,  .4,  WDSP,  .5, MXSPD,  GUST,   MAX  ,  MIN  ,PRCP  ,SNDP , FRSHTT,Unnamed: 22
0,875850,99999,20180101,72.0,8,54.9,8,1011.2,8,1008.3,8,6.2,8,4.2,8,6.0,999.9,   81.7*,  63.5 , 0.00I,999.9,0,
1,875850,99999,20180102,77.7,8,59.4,8,1007.2,8,1004.3,8,6.2,8,3.0,8,5.1,999.9,   90.3*,  65.5 , 0.00I,999.9,0,
2,875850,99999,20180103,79.0,8,53.5,8,1005.7,8,1002.8,8,6.2,8,4.7,8,8.0,999.9,   91.4 ,  62.4 , 0.00I,999.9,0,
3,875850,99999,20180104,84.6,8,59.0,8,1004.4,8,1001.6,8,6.2,8,7.2,8,15.9,999.9,   96.1*,  72.0 , 0.00I,999.9,0,
4,875850,99999,20180105,76.6,8,64.7,8,1007.0,8,1004.1,8,6.1,8,3.7,8,8.9,999.9,   98.1 ,  66.9*, 0.59A,999.9,10010,
5,875850,99999,20180106,69.9,8,53.7,8,1015.9,8,1012.9,8,6.2,8,2.9,8,5.1,999.9,   78.6*,  60.4 , 0.04A,999.9,0,
6,875850,99999,20180107,77.2,8,53.6,8,1016.8,8,1013.9,8,6.2,8,6.4,8,9.9,999.9,   90.7*,  65.7 , 0.00I,999.9,0,
7,875850,99999,20180108,82.2,8,57.3,8,1018.0,8,1015.1,8,6.2,8,4.6,8,7.0,999.9,   91.4 ,  73.2 , 0.00I,999.9,0,
8,875850,99999,20180109,81.1,8,61.1,8,1018.0,8,1015.1,8,6.2,8,4.9,8,9.9,999.9,   91.4 ,  75.0 , 0.00I,999.9,0,
9,875850,99999,20180110,82.4,8,68.2,8,1015.7,8,1012.8,8,6.2,8,4.7,8,7.0,999.9,   91.4*,  75.2 , 0.00I,999.9,0,
10,875850,99999,20180111,87.8,8,68.7,8,1013.3,8,1010.4,8,6.2,8,4.2,8,7.0,999.9,   98.1*,  79.2 , 0.00I,999.9,0,
11,875850,99999,20180112,86.0,8,69.0,8,1009.0,8,1006.2,8,6.2,8,6.4,8,12.0,999.9,   98.6 ,  81.9 , 0.00I,999.9,0,
12,875850,99999,20180113,78.8,8,68.8,8,1006.9,8,1004.0,8,6.1,8,3.2,8,7.0,999.9,   92.3 ,  72.9 , 0.00B,999.9,10000,
13,875850,99999,20180114,66.6,8,62.9,8,1010.0,8,1007.1,8,5.9,8,7.7,8,9.9,999.9,   86.9 ,  61.7 , 0.59G,999.9,10000,
14,875850,99999,20180115,69.1,8,61.9,8,1012.2,8,1009.1,8,6.2,8,5.3,8,8.0,999.9,   80.8*,  60.4 , 0.04G,999.9,0,
15,875850,99999,20180116,75.9,8,63.7,8,1015.7,8,1012.8,8,6.2,8,4.5,8,7.0,999.9,   84.7*,  65.5 , 0.00G,999.9,0,
16,875850,99999,20180117,77.8,8,67.7,8,1013.2,8,1010.3,8,6.1,8,3.8,8,6.0,999.9,   86.0 ,  74.3 ,99.99 ,999.9,10000,
17,875850,99999,20180118,77.2,8,63.9,8,1012.2,8,1009.2,8,6.2,8,3.9,8,6.0,999.9,   87.8*,  66.7 , 0.00G,999.9,0,
18,875850,99999,20180119,81.3,8,64.0,8,1013.3,8,1010.4,8,6.2,8,3.1,8,8.0,999.9,   91.8 ,  69.3 , 0.04G,999.9,0,
19,875850,99999,20180120,79.6,8,62.6,8,1013.8,8,1010.9,8,6.2,8,3.5,8,6.0,999.9,   94.5 ,  69.8 , 0.00G,999.9,0,
20,875850,99999,20180121,82.8,8,66.5,8,1009.3,8,1006.4,8,6.2,8,5.1,8,9.9,999.9,   92.1 ,  77.4 , 0.00I,999.9,0,
21,875850,99999,20180122,80.3,8,70.6,8,1004.7,8,1001.9,8,6.2,8,3.1,8,7.0,999.9,   91.9 ,  73.4 , 0.00I,999.9,10,
22,875850,99999,20180123,81.8,8,69.8,8,1002.9,8,1000.0,8,6.2,8,3.5,8,6.0,999.9,   96.4*,  74.5 , 0.03G,999.9,0,
23,875850,99999,20180124,73.9,8,60.2,8,1011.5,8,1008.6,8,6.2,8,8.5,8,15.9,999.9,   96.8 ,  65.1 , 0.24G,999.9,0,
24,875850,99999,20180125,68.3,8,53.1,8,1019.1,8,1016.2,8,6.2,8,5.9,8,8.0,999.9,   79.2 ,  58.6 , 0.00G,999.9,0,
25,875850,99999,20180126,74.5,8,59.8,8,1016.2,8,1013.3,8,6.1,8,5.1,8,11.1,999.9,   83.3*,  66.4 , 0.00G,999.9,10000,
26,875850,99999,20180127,77.7,8,66.0,8,1009.6,8,1006.7,8,6.1,8,5.4,8,8.9,999.9,   85.1 ,  71.8 , 0.00G,999.9,10000,
27,875850,99999,20180128,79.2,8,66.1,8,1009.2,8,1006.3,8,6.2,8,3.7,8,7.0,999.9,   87.4*,  69.8 , 0.00G,999.9,0,
28,875850,99999,20180129,76.9,8,55.1,8,1013.2,8,1010.3,8,6.2,8,5.1,8,8.0,999.9,   90.7 ,  69.8 , 0.00I,999.9,0,
29,875850,99999,20180130,77.8,8,60.5,8,1010.5,8,1007.6,8,6.2,8,5.5,8,9.9,999.9,   88.9*,  69.3 , 0.00I,999.9,0,
30,875850,99999,20180131,81.8,8,67.1,8,1013.0,8,1010.0,8,6.2,8,4.0,8,8.0,999.9,   90.7 ,  72.0 , 0.00I,999.9,0,
31,875850,99999,20180201,80.9,8,68.1,8,1013.7,8,1010.8,8,6.2,8,3.6,8,7.0,999.9,   90.5 ,  71.4 , 0.00I,999.9,0,
32,875850,99999,20180202,82.6,8,67.6,8,1012.7,8,1009.8,8,6.1,8,2.4,8,5.1,999.9,   93.0*,  74.7 , 0.00I,999.9,0,
33,875850,99999,20180203,76.8,8,60.3,8,1013.8,8,1010.9,8,6.2,8,4.5,8,7.0,999.9,   93.4 ,  70.3 , 0.00I,999.9,0,
34,875850,99999,20180204,78.5,8,65.9,8,1013.8,8,1010.8,8,6.2,8,5.8,8,9.9,999.9,   86.4*,  72.5 , 0.00I,999.9,0,
35,875850,99999,20180205,81.1,8,66.8,8,1012.1,8,1009.2,8,6.2,8,4.8,8,9.9,999.9,   89.6*,  73.9 , 0.00I,999.9,0,
36,875850,99999,20180206,82.3,8,66.9,8,1009.6,8,1006.7,8,6.2,8,3.1,8,6.0,999.9,   91.6 ,  74.5 , 0.00I,999.9,0,
37,875850,99999,20180207,84.1,8,67.7,8,1007.9,8,1005.1,8,6.2,8,3.6,8,6.0,999.9,   94.1*,  75.7 , 0.00I,999.9,0,
38,875850,99999,20180208,87.2,8,69.2,8,1005.1,8,1002.3,8,6.2,8,4.2,8,9.9,999.9,   97.3*,  79.3 , 0.00I,999.9,0,
39,875850,99999,20180209,79.9,8,67.7,8,1004.2,8,1001.3,8,6.1,8,5.6,8,8.0,999.9,   97.9 ,  72.0 , 0.08G,999.9,10010,
40,875850,99999,20180210,76.3,8,61.6,8,1011.8,8,1008.8,8,6.2,8,4.4,8,7.0,999.9,   83.5 ,  66.7 , 0.59G,999.9,0,
41,875850,99999,20180211,67.8,8,52.3,8,1018.7,8,1015.8,8,6.1,8,6.5,8,9.9,999.9,   85.1 ,  58.6 , 0.35G,999.9,10010,
42,875850,99999,20180212,64.3,8,45.1,8,1022.9,8,1019.9,8,6.2,8,3.5,8,7.0,999.9,   75.2 ,  54.1 , 0.00G,999.9,0,
43,875850,99999,20180213,69.1,8,50.2,8,1021.5,8,1018.5,8,6.2,8,3.1,8,6.0,999.9,   77.7*,  58.6 , 0.00I,999.9,0,
44,875850,99999,20180214,74.6,8,55.2,8,1020.9,8,1018.0,8,6.2,8,3.7,8,8.0,999.9,   84.2*,  62.6 , 0.00I,999.9,0,
45,875850,99999,20180215,77.3,8,62.5,8,1019.7,8,1016.8,8,6.2,8,5.6,8,8.9,999.9,   85.8*,  69.8 , 0.00I,999.9,0,
46,875850,99999,20180216,79.3,8,65.5,8,1018.3,8,1015.4,8,6.2,8,6.8,8,9.9,999.9,   88.0*,  71.8 , 0.00I,999.9,0,
47,875850,99999,20180217,80.3,8,67.2,8,1014.6,8,1011.7,8,6.2,8,5.4,8,12.0,999.9,   90.1 ,  72.3 , 0.00I,999.9,0,
48,875850,99999,20180218,83.2,8,69.0,8,1007.5,8,1004.6,8,6.2,8,5.6,8,8.9,999.9,   92.1*,  75.9 , 0.00I,999.9,0,
49,875850,99999,20180219,79.3,8,66.9,8,1004.2,8,1001.3,8,6.1,8,3.9,8,8.0,999.9,   93.4 ,  68.7 , 0.87G,999.9,10,
50,875850,99999,20180220,77.7,8,65.9,8,1006.6,8,1003.7,8,6.2,8,4.4,8,7.0,999.9,   86.9*,  68.7 , 0.02G,999.9,0,
51,875850,99999,20180221,72.3,8,60.4,8,1012.8,8,1009.9,8,6.2,8,8.2,8,12.0,999.9,   88.5 ,  65.5 , 0.00G,999.9,10000,
52,875850,99999,20180222,71.6,8,57.5,8,1016.2,8,1013.3,8,6.2,8,3.7,8,6.0,999.9,   83.5*,  59.9 , 0.02G,999.9,0,
53,875850,99999,20180223,74.0,8,58.4,8,1017.2,8,1014.3,8,6.2,8,3.7,8,6.0,999.9,   84.2 ,  62.6 , 0.00G,999.9,0,
54,875850,99999,20180224,73.0,8,61.0,8,1019.4,8,1016.5,8,6.2,8,5.6,8,9.9,999.9,   84.0 ,  63.3 , 0.00I,999.9,0,
55,875850,99999,20180225,73.5,8,60.9,8,1019.3,8,1016.4,8,6.2,8,4.9,8,8.0,999.9,   81.0 ,  68.0 , 0.00I,999.9,0,
56,875850,99999,20180226,74.1,8,60.8,8,1017.2,8,1014.3,8,6.2,8,4.2,8,8.9,999.9,   80.4 ,  68.7 , 0.00I,999.9,0,
57,875850,99999,20180227,76.2,8,63.5,8,1013.0,8,1010.1,8,6.2,8,5.4,8,11.1,999.9,   86.0*,  69.4 , 0.00I,999.9,0,
58,875850,99999,20180228,75.5,8,65.1,8,1013.2,8,1010.2,8,6.2,8,6.0,8,8.0,999.9,   87.3 ,  70.3 , 0.00I,999.9,0,
59,875850,99999,20180301,77.7,8,65.3,8,1013.7,8,1010.7,8,6.1,8,3.5,8,5.1,999.9,   86.2*,  70.3 , 0.01G,999.9,10000,
60,875850,99999,20180302,80.8,8,65.3,8,1014.9,8,1012.0,8,6.2,8,3.4,8,7.0,999.9,   89.4*,  69.3 , 0.00G,999.9,0,
61,875850,99999,20180303,81.1,8,66.8,8,1012.6,8,1009.6,8,6.2,8,4.1,8,7.0,999.9,   90.3 ,  74.5 , 0.00I,999.9,0,
62,875850,99999,20180304,80.5,8,66.9,8,1009.9,8,1006.9,8,6.2,8,3.6,8,5.1,999.9,   90.7 ,  72.5 , 0.00I,999.9,0,
63,875850,99999,20180305,79.0,8,65.6,8,1009.6,8,1006.7,8,6.2,8,4.6,8,8.9,999.9,   89.4 ,  74.5 , 0.00I,999.9,0,
64,875850,99999,20180306,69.1,8,48.0,8,1017.1,8,1014.2,8,6.2,8,7.4,8,9.9,999.9,   83.8 ,  56.8 , 0.00I,999.9,0,
65,875850,99999,20180307,69.9,8,54.2,8,1017.2,8,1014.3,8,6.2,8,3.6,8,6.0,999.9,   80.4 ,  60.1 , 0.00I,999.9,0,
66,875850,99999,20180308,74.9,8,53.8,8,1014.0,8,1011.1,8,6.2,8,3.2,8,8.0,999.9,   83.5*,  63.7 , 0.00I,999.9,0,
67,875850,99999,20180309,77.8,8,58.3,8,1011.1,8,1008.2,8,6.2,8,4.1,8,8.0,999.9,   87.8*,  68.0 , 0.00I,999.9,0,
68,875850,99999,20180310,81.0,8,62.8,8,1007.2,8,1004.3,8,6.2,8,4.2,8,8.9,999.9,   90.7*,  73.4 , 0.00I,999.9,0,
69,875850,99999,20180311,70.9,8,57.4,8,1010.9,8,1008.0,8,6.2,8,4.6,8,7.0,999.9,   93.4 ,  60.3 , 0.00I,999.9,0,
70,875850,99999,20180312,67.4,8,50.2,8,1013.0,8,1010.0,8,6.2,8,3.5,8,7.0,999.9,   78.4 ,  54.7 , 0.00I,999.9,0,
71,875850,99999,20180313,74.8,8,53.2,8,1009.4,8,1006.4,8,6.2,8,3.5,8,6.0,999.9,   87.3*,  65.7 , 0.00I,999.9,0,
72,875850,99999,20180314,73.4,8,60.0,8,1008.1,8,1005.2,8,6.1,8,4.7,8,9.9,999.9,   87.8 ,  64.0 ,99.99 ,999.9,10010,
73,875850,99999,20180315,67.0,8,52.5,8,1009.2,8,1006.2,8,6.2,8,9.5,8,15.9,999.9,   87.4 ,  55.8 , 0.75G,999.9,10010,
74,875850,99999,20180316,66.6,8,51.2,8,1013.7,8,1010.7,8,6.2,8,3.6,8,8.0,999.9,   77.0 ,  57.9 , 0.00G,999.9,0,
75,875850,99999,20180317,72.5,8,61.9,8,1007.9,8,1005.0,8,6.2,8,5.2,8,9.9,999.9,   79.5*,  65.8 , 0.00G,999.9,10000,
76,875850,99999,20180318,72.0,8,65.3,8,1001.3,8,998.4,8,5.7,8,6.5,8,13.0,999.9,   80.6 ,  65.5*, 1.14G,999.9,10010,
77,875850,99999,20180319,66.3,8,51.3,8,1011.0,8,1008.0,8,6.2,8,3.8,8,6.0,999.9,   79.5*,  54.0 , 0.12G,999.9,0,
78,875850,99999,20180320,68.5,8,52.7,8,1013.0,8,1010.1,8,6.2,8,3.4,8,8.0,999.9,   80.1 ,  59.2 , 0.00G,999.9,0,
79,875850,99999,20180321,62.1,8,50.0,8,1020.4,8,1017.4,8,6.2,8,6.4,8,9.9,999.9,   80.6 ,  54.7 , 0.00I,999.9,0,
80,875850,99999,20180322,66.4,8,55.7,8,1013.6,8,1010.6,8,6.2,8,5.2,8,9.9,999.9,   72.7*,  59.2 , 0.00I,999.9,0,
81,875850,99999,20180323,73.8,8,59.7,8,1007.4,8,1004.5,8,6.2,8,3.4,8,6.0,999.9,   85.3*,  63.9 , 0.00G,999.9,0,
82,875850,99999,20180324,68.7,8,58.9,8,1009.6,8,1006.6,8,6.1,8,1.7,8,5.1,999.9,   86.5 ,  59.2 , 0.47G,999.9,10,
83,875850,99999,20180325,60.7,8,49.7,8,1017.4,8,1014.5,8,6.2,8,4.1,8,8.0,999.9,   81.0 ,  51.8 , 0.28G,999.9,10010,
84,875850,99999,20180326,58.2,8,46.5,8,1022.4,8,1019.4,8,6.2,8,3.7,8,8.0,999.9,   69.6 ,  46.9 , 0.00G,999.9,0,
85,875850,99999,20180327,66.5,8,57.0,8,1020.9,8,1017.9,8,6.2,8,2.3,8,5.1,999.9,   73.4*,  59.7 , 0.00I,999.9,0,
86,875850,99999,20180328,71.0,8,63.8,8,1016.6,8,1013.6,8,6.2,8,2.7,8,5.1,999.9,   78.8*,  64.8 , 0.00I,999.9,0,
87,875850,99999,20180329,73.9,8,64.7,8,1014.9,8,1012.0,8,6.2,8,3.5,8,6.0,999.9,   84.6*,  63.0 , 0.00I,999.9,0,
88,875850,99999,20180330,76.0,8,66.0,8,1014.0,8,1011.1,8,6.2,8,1.8,8,5.1,999.9,   87.1 ,  64.9 , 0.00I,999.9,0,
89,875850,99999,20180331,76.2,8,67.1,8,1012.6,8,1009.7,8,6.2,8,3.0,8,8.0,999.9,   87.8 ,  66.4 , 0.00I,999.9,0,
90,875850,99999,20180401,72.7,8,64.6,8,1014.6,8,1011.7,8,6.2,8,7.4,8,9.9,999.9,   89.6 ,  69.8 , 0.00I,999.9,0,
91,875850,99999,20180402,69.2,8,62.5,8,1016.1,8,1013.2,8,6.2,8,3.7,8,6.0,999.9,   77.7 ,  64.9 , 0.00I,999.9,0,
92,875850,99999,20180403,68.0,8,60.9,8,1013.8,8,1010.8,8,6.2,8,2.6,8,4.1,999.9,   77.5 ,  57.7 , 0.00I,999.9,0,
93,875850,99999,20180404,70.8,8,61.9,8,1012.0,8,1009.1,8,6.2,8,2.6,8,5.1,999.9,   78.8*,  62.2 , 0.00I,999.9,0,
94,875850,99999,20180405,75.3,8,64.2,8,1010.9,8,1007.9,8,6.2,8,3.1,8,6.0,999.9,   87.1*,  66.2 , 0.00I,999.9,0,
95,875850,99999,20180406,66.1,8,62.4,8,1014.2,8,1011.3,8,5.9,8,5.9,8,9.9,999.9,   87.1 ,  62.4*, 0.00G,999.9,10000,
96,875850,99999,20180407,64.3,8,62.9,8,1014.1,8,1011.1,8,6.1,8,2.0,8,6.0,999.9,   67.8*,  61.2 , 2.05G,999.9,10000,
97,875850,99999,20180408,67.4,8,65.2,8,1017.0,8,1014.0,8,5.6,8,2.6,8,7.0,999.9,   72.3*,  62.2 , 0.16G,999.9,10000,
98,875850,99999,20180409,71.7,8,67.1,8,1015.7,8,1012.8,8,6.1,8,2.8,8,6.0,999.9,   82.4*,  64.4 , 0.24G,999.9,10000,
99,875850,99999,20180410,78.4,8,67.2,8,1008.6,8,1005.7,8,6.2,8,4.9,8,9.9,999.9,   88.5*,  71.2 , 0.00G,999.9,0,
100,875850,99999,20180411,80.1,5,67.9,5,1005.3,5,1002.4,5,6.2,5,4.6,5,7.0,999.9,   89.1*,  73.8 , 0.00I,999.9,0,
101,875850,99999,20180412,65.4,8,54.1,8,1015.9,8,1012.9,8,6.0,8,8.6,8,12.0,999.9,   91.9 ,  61.0 , 0.75G,999.9,10010,
102,875850,99999,20180413,58.9,8,42.8,8,1027.2,8,1024.2,8,6.2,8,3.9,8,5.1,999.9,   68.4 ,  49.6 , 0.00G,999.9,0,
103,875850,99999,20180414,64.9,8,53.4,8,1028.0,8,1025.0,8,6.2,8,4.2,8,6.0,999.9,   71.8*,  55.9 , 0.00I,999.9,0,
104,875850,99999,20180415,68.4,8,59.4,8,1027.6,8,1024.7,8,6.2,8,5.4,8,8.0,999.9,   75.6*,  63.3 , 0.00I,999.9,0,
105,875850,99999,20180416,70.4,8,63.2,8,1024.0,8,1021.0,8,6.2,8,7.0,8,11.1,999.9,   77.7*,  65.8 , 0.00I,999.9,0,
106,875850,99999,20180417,73.2,8,64.3,8,1018.9,8,1016.0,8,6.2,8,4.2,8,8.0,999.9,   78.6 ,  67.3 , 0.00I,999.9,0,
107,875850,99999,20180418,75.5,8,67.0,8,1017.0,8,1014.1,8,6.2,8,3.5,8,6.0,999.9,   85.3*,  68.7 , 0.00I,999.9,0,
108,875850,99999,20180419,75.4,8,68.3,8,1014.8,8,1011.9,8,6.2,8,3.3,8,6.0,999.9,   86.9 ,  70.9 , 0.00I,999.9,0,
109,875850,99999,20180420,73.6,8,69.5,7,1012.1,7,1009.2,7,6.0,8,5.0,8,8.9,999.9,   84.6 ,  70.5*, 0.20G,999.9,10010,
110,875850,99999,20180421,71.3,8,68.6,8,1011.8,8,1008.8,8,5.9,8,2.6,8,6.0,999.9,   76.6*,  68.0 , 0.83G,999.9,10000,
111,875850,99999,20180422,73.2,8,67.7,8,1011.1,8,1008.1,8,6.2,8,1.5,8,4.1,999.9,   79.5*,  68.4 , 0.00G,999.9,0,
112,875850,99999,20180423,69.5,8,66.8,8,1014.5,8,1011.5,8,6.1,8,4.6,8,8.0,999.9,   81.0 ,  66.4 , 0.71G,999.9,10,
113,875850,99999,20180424,67.1,8,62.0,8,1020.7,8,1017.7,8,6.1,8,4.6,8,8.0,999.9,   71.8 ,  62.6 , 0.00G,999.9,10000,
114,875850,99999,20180425,72.4,8,68.2,8,1018.8,8,1016.0,8,6.1,8,2.3,8,4.1,999.9,   79.9*,  65.8 , 0.02G,999.9,10000,
115,875850,99999,20180426,73.9,8,68.9,8,1015.9,8,1013.0,8,6.2,8,4.4,8,7.0,999.9,   83.5 ,  69.6 , 0.00G,999.9,0,
116,875850,99999,20180427,78.5,8,71.4,8,1012.1,8,1009.2,8,6.2,8,5.0,8,8.9,999.9,   89.2*,  72.3 ,99.99 ,999.9,10000,
117,875850,99999,20180428,69.9,8,67.7,8,1016.0,8,1013.1,8,5.7,8,3.6,8,7.0,999.9,   90.1 ,  68.0 , 0.28G,999.9,10010,
118,875850,99999,20180429,67.9,8,67.5,8,1013.8,8,1010.9,8,4.9,8,4.5,8,6.0,999.9,   73.0 ,  64.4 , 4.25G,999.9,10010,
119,875850,99999,20180430,66.7,8,61.5,8,1017.1,8,1014.0,8,6.1,8,4.2,8,8.9,999.9,   70.0*,  64.8 , 0.87G,999.9,10000,
120,875850,99999,20180501,60.0,8,51.7,8,1022.1,8,1019.1,8,5.9,8,4.2,8,6.0,999.9,   70.9 ,  56.1 , 0.00G,999.9,10000,
121,875850,99999,20180502,63.3,8,59.9,8,1017.7,8,1014.8,8,5.6,8,5.5,8,13.0,999.9,   64.4 ,  57.9 , 0.08G,999.9,10000,
122,875850,99999,20180503,65.5,8,62.2,8,1015.4,8,1012.4,8,6.0,8,1.7,8,2.9,999.9,   70.9*,  61.2 , 0.47G,999.9,10000,
123,875850,99999,20180504,65.2,8,62.6,8,1015.8,8,1012.8,8,6.1,8,2.0,8,4.1,999.9,   72.3 ,  62.8 , 0.00G,999.9,10000,
124,875850,99999,20180505,64.4,8,63.1,8,1021.1,8,1018.1,8,5.4,8,3.7,8,7.0,999.9,   68.7*,  60.8 , 0.16G,999.9,10000,
125,875850,99999,20180506,67.3,8,63.7,8,1024.1,8,1021.1,8,6.2,8,4.0,8,7.0,999.9,   72.3*,  63.3 , 0.20G,999.9,0,
126,875850,99999,20180507,69.2,8,64.5,8,1021.9,8,1019.0,8,6.2,8,5.1,8,8.9,999.9,   72.7 ,  65.5 , 0.00G,999.9,0,
127,875850,99999,20180508,67.6,8,64.8,8,1018.4,8,1015.5,8,5.5,8,4.2,8,7.0,999.9,   73.8 ,  65.5 , 0.24G,999.9,10010,
128,875850,99999,20180509,66.7,8,65.5,8,1015.8,8,1012.8,8,5.7,8,2.2,8,6.0,999.9,   69.8*,  65.1 , 1.93G,999.9,10000,
129,875850,99999,20180510,65.5,8,64.6,8,1012.8,8,1009.8,8,5.2,8,3.1,8,7.0,999.9,   70.2 ,  62.8 , 0.00G,999.9,10010,
130,875850,99999,20180511,63.8,8,60.7,8,1009.0,8,1006.0,8,5.5,8,6.0,8,8.0,999.9,   68.0 ,  58.6 , 2.64G,999.9,10000,
131,875850,99999,20180512,60.9,8,54.5,8,1016.8,8,1013.8,8,6.2,8,1.7,8,2.9,999.9,   72.7*,  51.6 , 0.00G,999.9,0,
132,875850,99999,20180513,59.8,8,55.3,8,1017.7,8,1014.7,8,5.7,8,1.9,8,6.0,999.9,   73.6 ,  52.2 , 0.00I,999.9,0,
133,875850,99999,20180514,65.0,8,57.9,8,1012.9,8,1009.9,8,6.2,8,4.5,8,6.0,999.9,   69.4*,  55.4 , 0.00I,999.9,0,
134,875850,99999,20180515,64.0,8,52.1,8,1014.2,8,1011.2,8,6.2,8,5.3,8,9.9,999.9,   70.2*,  57.7 , 0.00I,999.9,0,
135,875850,99999,20180516,54.3,8,43.3,8,1022.1,8,1019.1,8,6.2,8,4.1,8,8.9,999.9,   70.7 ,  48.2 , 0.00I,999.9,0,
136,875850,99999,20180517,52.7,8,47.7,8,1019.8,8,1016.9,8,6.0,8,2.0,8,5.1,999.9,   62.6 ,  49.6 , 0.00G,999.9,10000,
137,875850,99999,20180518,54.4,8,49.1,8,1016.8,8,1013.8,8,6.2,8,2.5,8,5.1,999.9,   67.1*,  45.7 , 0.20G,999.9,0,
138,875850,99999,20180519,52.8,8,49.4,8,1019.6,8,1016.6,8,6.0,8,4.3,8,8.0,999.9,   68.4 ,  47.5 , 0.35G,999.9,10010,
139,875850,99999,20180520,53.4,8,48.8,8,1019.2,8,1016.2,8,6.2,8,3.0,8,8.0,999.9,   61.9*,  44.8 , 0.00G,999.9,0,
140,875850,99999,20180521,56.8,8,49.3,8,1017.3,8,1014.3,8,6.2,8,2.5,8,7.0,999.9,   66.0*,  47.7 , 0.00I,999.9,0,
141,875850,99999,20180522,52.5,8,43.7,8,1021.2,8,1018.1,8,6.2,8,2.7,8,5.1,999.9,   66.9 ,  41.9 , 0.00I,999.9,0,
142,875850,99999,20180523,55.4,8,45.3,8,1022.5,8,1019.4,8,6.2,8,2.6,8,6.0,999.9,   69.1*,  45.0 , 0.00I,999.9,0,
143,875850,99999,20180524,58.5,8,49.1,8,1024.5,8,1021.5,8,6.2,8,1.7,8,2.9,999.9,   70.3*,  50.0 , 0.00I,999.9,0,
144,875850,99999,20180525,58.5,8,48.2,8,1023.2,8,1020.2,8,6.2,8,3.7,8,7.0,999.9,   70.9 ,  50.4 , 0.00I,999.9,0,
145,875850,99999,20180526,58.8,8,51.5,8,1017.7,8,1014.7,8,6.2,8,4.6,8,8.0,999.9,   66.9 ,  53.1 , 0.00I,999.9,0,
146,875850,99999,20180527,64.3,8,58.6,8,1016.6,8,1013.7,8,6.2,8,1.6,8,4.1,999.9,   74.5*,  55.0 , 0.00I,999.9,0,
147,875850,99999,20180528,67.4,7,63.2,7,1012.7,7,1009.8,7,6.2,7,5.2,7,8.0,999.9,   76.6*,  60.8 , 0.00A,999.9,10,
148,875850,99999,20180529,71.7,7,63.5,7,1011.9,7,1008.9,7,6.0,7,4.4,7,9.9,999.9,   78.8 ,  65.8 , 0.02G,999.9,10000,
149,875850,99999,20180530,62.6,8,58.4,8,1014.0,8,1011.0,8,5.7,8,5.9,8,8.0,999.9,   77.2 ,  57.6*, 1.73G,999.9,10010,
150,875850,99999,20180531,53.3,8,49.3,8,1019.4,8,1016.4,8,5.8,8,7.1,8,9.9,999.9,   63.5 ,  50.7 , 0.16G,999.9,10000,
151,875850,99999,20180601,50.4,8,44.3,8,1021.7,8,1018.7,8,5.9,8,6.4,8,8.9,999.9,   55.8 ,  46.4 , 0.35G,999.9,10000,
152,875850,99999,20180602,47.4,8,41.0,8,1026.6,8,1023.6,8,6.2,8,3.6,8,5.1,999.9,   55.2 ,  41.4 , 0.00G,999.9,0,
153,875850,99999,20180603,47.9,8,40.6,8,1032.7,8,1029.6,8,6.2,8,1.7,8,2.9,999.9,   55.4 ,  40.3 , 0.00I,999.9,0,
154,875850,99999,20180604,50.0,8,45.4,8,1030.2,8,1027.2,8,6.1,8,2.2,8,4.1,999.9,   55.9 ,  41.5 , 0.01G,999.9,10000,
155,875850,99999,20180605,48.9,8,45.0,8,1023.6,8,1020.6,8,5.2,8,2.2,8,5.1,999.9,   57.2*,  43.5 , 0.04G,999.9,0,
156,875850,99999,20180606,51.5,7,46.1,7,1015.0,7,1012.0,7,6.2,7,3.2,7,5.1,999.9,   62.4*,  43.7 , 0.00G,999.9,0,
157,875850,99999,20180607,51.3,8,41.5,8,1015.9,8,1012.9,8,6.2,8,5.9,8,11.1,999.9,   63.3 ,  46.2 , 0.00I,999.9,0,
158,875850,99999,20180608,49.5,8,39.7,8,1016.0,8,1013.0,8,6.2,8,4.1,8,9.9,999.9,   61.2*,  41.2 , 0.00I,999.9,0,
159,875850,99999,20180609,54.1,8,48.5,8,1012.7,8,1009.7,8,6.2,8,4.2,8,7.0,999.9,   62.6 ,  45.9 , 0.00I,999.9,0,
160,875850,99999,20180610,59.4,8,54.6,8,1005.8,8,1002.8,8,6.2,8,3.1,8,6.0,999.9,   63.1*,  49.3 , 0.00I,999.9,0,
161,875850,99999,20180611,56.1,8,54.1,8,1007.2,8,1004.2,8,6.1,8,4.2,8,6.0,999.9,   63.7 ,  53.6 ,99.99 ,999.9,10000,
162,875850,99999,20180612,52.5,8,50.6,8,1011.0,8,1007.9,8,5.5,8,4.2,8,9.9,999.9,   59.0 ,  47.3*, 0.00G,999.9,10000,
163,875850,99999,20180613,46.6,8,42.7,8,1021.2,8,1018.1,8,6.0,8,7.6,8,15.0,999.9,   55.4 ,  44.1 , 0.20G,999.9,10000,
164,875850,99999,20180614,46.2,8,40.0,8,1028.8,8,1025.7,8,6.2,8,3.6,8,6.0,999.9,   54.0*,  39.4 , 0.00G,999.9,0,
165,875850,99999,20180615,43.5,8,37.7,8,1032.9,8,1029.8,8,6.2,8,1.8,8,4.1,999.9,   54.5 ,  36.3 , 0.00I,999.9,0,
166,875850,99999,20180616,43.8,8,37.8,8,1032.8,8,1029.7,8,6.2,8,2.0,8,7.0,999.9,   54.3*,  35.4 , 0.00I,999.9,0,
167,875850,99999,20180617,49.5,8,39.7,8,1028.9,8,1025.8,8,6.2,8,5.9,8,8.9,999.9,   60.1*,  39.0 , 0.00I,999.9,0,
168,875850,99999,20180618,53.4,8,40.3,8,1026.0,8,1022.9,8,6.2,8,5.1,8,7.0,999.9,   65.5*,  42.4 , 0.00I,999.9,0,
169,875850,99999,20180619,55.5,8,46.1,8,1020.0,8,1017.0,8,6.2,8,5.3,8,7.0,999.9,   66.4 ,  46.8 , 0.00I,999.9,0,
170,875850,99999,20180620,57.1,8,50.8,8,1017.0,8,1014.0,8,6.2,8,3.1,8,5.1,999.9,   66.2 ,  48.2 , 0.00I,999.9,0,
171,875850,99999,20180621,60.0,8,48.1,8,1014.4,8,1011.4,8,6.2,8,6.4,8,9.9,999.9,   66.6 ,  52.2 , 0.01G,999.9,10,
172,875850,99999,20180622,50.3,8,39.2,8,1017.8,8,1014.7,8,6.2,8,3.4,8,9.9,999.9,   61.9 ,  41.9 , 0.00G,999.9,0,
173,875850,99999,20180623,54.5,8,42.7,8,1013.3,8,1010.3,8,6.2,8,4.7,8,8.9,999.9,   62.4 ,  47.1 , 0.00G,999.9,0,
174,875850,99999,20180624,41.8,8,25.1,8,1024.6,8,1021.5,8,6.2,8,5.9,8,13.0,999.9,   63.5 ,  32.0 , 0.00I,999.9,0,
175,875850,99999,20180625,46.1,8,30.9,8,1018.1,8,1015.0,8,6.2,8,3.4,8,7.0,999.9,   59.9*,  34.2 , 0.00I,999.9,0,
176,875850,99999,20180626,50.8,8,38.8,8,1014.2,8,1011.1,8,6.2,8,4.0,8,8.0,999.9,   63.0*,  41.2 , 0.00I,999.9,0,
177,875850,99999,20180627,55.0,8,42.8,8,1012.9,8,1009.9,8,6.2,8,4.6,8,8.9,999.9,   69.8*,  45.7 , 0.00I,999.9,0,
178,875850,99999,20180628,53.9,8,48.6,8,1015.9,8,1012.9,8,6.2,8,2.4,8,6.0,999.9,   70.0 ,  45.9 , 0.00I,999.9,0,
179,875850,99999,20180629,58.1,8,52.9,8,1015.2,8,1012.3,8,6.1,8,2.1,8,4.1,999.9,   66.6*,  48.2 , 0.00I,999.9,0,
180,875850,99999,20180630,53.3,8,51.6,8,1015.6,8,1012.6,8,3.7,8,2.3,8,5.1,999.9,   68.2 ,  48.7 , 0.00I,999.9,100000,
181,875850,99999,20180701,56.2,8,55.5,8,1011.7,8,1008.7,8,1.7,8,2.4,8,5.1,999.9,   59.7 ,  51.4 , 0.00I,999.9,100000,
182,875850,99999,20180702,53.5,7,50.3,7,1015.0,7,1012.0,7,5.4,7,4.7,7,8.0,999.9,   62.4 ,  50.4*, 0.01G,999.9,10000,
183,875850,99999,20180703,44.1,4,34.9,4,1028.2,4,1025.2,4,6.2,4,2.7,4,4.1,999.9,   48.7*,  37.0 , 0.00G,999.9,0,
184,875850,99999,20180704,45.9,8,36.9,8,1023.9,8,1020.8,8,6.1,8,3.3,8,7.0,999.9,   49.1 ,  38.1 , 0.00G,999.9,10000,
185,875850,99999,20180705,49.4,8,42.0,8,1021.1,8,1018.1,8,6.2,8,5.9,8,9.9,999.9,   51.8*,  44.6 , 0.00G,999.9,0,
186,875850,99999,20180706,50.2,8,44.4,8,1022.1,8,1019.0,8,6.1,8,6.4,8,11.1,999.9,   52.2 ,  48.6 , 0.00B,999.9,10000,
187,875850,99999,20180707,51.9,8,51.3,8,1016.6,8,1013.5,8,4.7,8,6.3,8,9.9,999.9,   54.0 ,  49.6 , 0.43G,999.9,10000,
188,875850,99999,20180708,50.2,6,47.4,6,1024.2,6,1021.1,6,5.5,6,6.7,6,14.0,999.9,   54.0*,  47.8 , 0.28G,999.9,10000,
189,875850,99999,20180709,48.6,8,43.1,8,1033.6,8,1030.5,8,6.2,8,2.6,8,6.0,999.9,   59.2 ,  46.4 , 0.00G,999.9,0,
190,875850,99999,20180710,46.0,8,41.7,8,1032.5,8,1029.4,8,6.0,8,3.5,8,8.0,999.9,   51.1 ,  40.3 , 0.00G,999.9,10000,
191,875850,99999,20180711,51.1,8,45.3,8,1027.1,8,1024.1,8,6.2,8,4.5,8,8.0,999.9,   57.2*,  45.7 , 0.00G,999.9,0,
192,875850,99999,20180712,54.2,8,48.3,8,1021.1,8,1018.1,8,6.2,8,6.0,8,9.9,999.9,   59.9 ,  47.7 , 0.00I,999.9,0,
193,875850,99999,20180713,55.1,8,48.4,8,1016.4,8,1013.5,8,6.2,8,2.5,8,7.0,999.9,   63.3*,  49.1 , 0.00I,999.9,0,
194,875850,99999,20180714,60.1,8,52.0,8,1010.3,8,1007.2,8,6.2,8,4.8,8,8.0,999.9,   70.3*,  50.7 , 0.00I,999.9,0,
195,875850,99999,20180715,57.0,8,46.5,8,1013.6,8,1010.6,8,6.2,8,4.1,8,7.0,999.9,   72.5 ,  51.8 , 0.00I,999.9,0,
196,875850,99999,20180716,50.3,8,44.1,8,1025.0,8,1021.9,8,6.2,8,5.6,8,7.0,999.9,   63.0 ,  46.8 , 0.00I,999.9,0,
197,875850,99999,20180717,51.3,8,46.8,8,1023.0,8,1019.9,8,6.2,8,9.9,8,12.0,999.9,   55.0*,  46.4 , 0.00I,999.9,0,
198,875850,99999,20180718,54.7,8,54.2,8,1014.7,8,1011.7,8,5.0,8,4.5,8,7.0,999.9,   56.8*,  51.8 , 0.02G,999.9,10010,
199,875850,99999,20180719,55.5,8,55.4,8,1009.1,8,1006.1,8,5.3,8,2.7,8,5.1,999.9,   57.2 ,  54.0 , 0.63G,999.9,10010,
200,875850,99999,20180720,48.2,8,45.4,8,1011.6,8,1008.6,8,5.9,8,6.4,8,13.0,999.9,   54.7 ,  43.7 , 0.94G,999.9,10000,
201,875850,99999,20180721,47.1,8,36.9,8,1017.0,8,1013.9,8,6.2,8,5.6,8,8.0,999.9,   59.2*,  39.0 , 0.02G,999.9,0,
202,875850,99999,20180722,49.9,8,40.4,8,1018.2,8,1015.1,8,6.2,8,4.5,8,7.0,999.9,   59.2 ,  39.4 , 0.00G,999.9,0,
203,875850,99999,20180723,45.7,8,35.9,8,1028.1,8,1025.0,8,6.2,8,4.1,8,8.0,999.9,   53.6 ,  38.1 , 0.00I,999.9,0,
204,875850,99999,20180724,42.1,8,35.2,8,1034.7,8,1031.5,8,6.2,8,2.6,8,8.0,999.9,   53.1 ,  33.8 , 0.00I,999.9,0,
205,875850,99999,20180725,49.7,8,45.3,8,1031.1,8,1028.1,8,6.0,8,6.4,8,11.1,999.9,   52.7*,  37.4 , 0.00B,999.9,10000,
206,875850,99999,20180726,53.2,8,53.0,8,1021.7,8,1018.7,8,4.1,8,7.4,8,12.0,999.9,   55.4*,  49.6 , 1.73G,999.9,10000,
207,875850,99999,20180727,53.7,8,53.6,8,1019.5,8,1016.4,8,4.0,8,4.0,8,6.0,999.9,   55.8 ,  52.3 , 0.08G,999.9,10000,
208,875850,99999,20180728,54.0,8,53.7,8,1013.8,8,1010.7,8,4.7,8,2.1,8,5.1,999.9,   55.0*,  52.7 , 0.08G,999.9,10000,
209,875850,99999,20180729,52.6,8,50.8,8,1011.2,8,1008.1,8,4.9,8,5.4,8,12.0,999.9,   55.8 ,  50.4*, 0.71G,999.9,10000,
210,875850,99999,20180730,50.4,8,44.9,8,1016.7,8,1013.7,8,6.2,8,3.9,8,9.9,999.9,   63.0*,  41.0 , 0.00G,999.9,0,
211,875850,99999,20180731,46.1,8,35.1,8,1026.1,8,1023.1,8,6.2,8,2.8,8,7.0,999.9,   63.5 ,  36.0 , 0.00G,999.9,0,
212,875850,99999,20180801,46.4,8,36.8,8,1026.1,8,1023.0,8,6.2,8,3.9,8,6.0,999.9,   55.4 ,  38.1 , 0.00I,999.9,0,
213,875850,99999,20180802,46.7,7,40.4,7,1025.3,7,1022.2,7,6.2,7,2.3,7,4.1,999.9,   53.6*,  37.4 , 0.00I,999.9,0,
214,875850,99999,20180803,51.3,8,47.1,8,1020.9,8,1017.8,8,6.2,8,3.2,8,6.0,999.9,   55.0 ,  43.5 , 0.00I,999.9,0,
215,875850,99999,20180804,53.0,8,48.5,8,1019.8,8,1016.8,8,5.3,8,3.2,8,6.0,999.9,   60.8*,  47.3 , 0.02G,999.9,10000,
216,875850,99999,20180805,53.2,8,45.6,8,1018.7,8,1015.6,8,5.4,8,1.4,8,6.0,999.9,   68.0*,  43.9 , 0.00G,999.9,0,
217,875850,99999,20180806,58.1,8,46.6,8,1018.6,8,1015.6,8,6.2,8,5.2,8,8.0,999.9,   68.4 ,  48.9 , 0.00I,999.9,0,
218,875850,99999,20180807,59.5,8,48.9,8,1013.6,8,1010.6,8,6.2,8,6.9,8,15.0,999.9,   67.1 ,  52.7 , 0.00I,999.9,0,
219,875850,99999,20180808,56.1,8,50.0,8,1013.5,8,1010.5,8,6.0,8,5.6,8,9.9,999.9,   66.2 ,  50.7*, 0.47G,999.9,10000,
220,875850,99999,20180809,49.3,8,41.1,8,1022.6,8,1019.5,8,6.0,8,7.9,8,13.0,999.9,   55.9 ,  44.2 , 0.39G,999.9,10000,
221,875850,99999,20180810,48.6,8,39.4,8,1023.4,8,1020.3,8,6.2,8,4.3,8,8.0,999.9,   56.1*,  41.0 , 0.00G,999.9,0,
222,875850,99999,20180811,54.8,8,50.1,8,1023.2,8,1020.2,8,6.2,8,2.1,8,5.1,999.9,   60.1*,  44.1 , 0.00A,999.9,0,
223,875850,99999,20180812,58.8,8,51.6,8,1021.2,8,1018.2,8,6.2,8,4.8,8,9.9,999.9,   65.5*,  53.4 , 0.00G,999.9,0,
224,875850,99999,20180813,58.4,7,53.9,7,1016.1,7,1013.1,7,6.2,7,3.6,7,6.0,999.9,   65.5 ,  53.6 , 0.00I,999.9,0,
225,875850,99999,20180814,56.1,7,50.1,7,1019.0,7,1016.0,7,5.5,7,6.5,7,12.0,999.9,   63.0 ,  49.5 , 0.20G,999.9,10010,
226,875850,99999,20180815,52.0,8,39.7,8,1026.6,8,1023.5,8,6.2,8,2.8,8,7.0,999.9,   62.6 ,  42.4 , 0.00G,999.9,0,
227,875850,99999,20180816,55.8,8,48.1,8,1026.2,8,1023.2,8,6.2,8,5.1,8,8.0,999.9,   61.9*,  46.9 , 0.00I,999.9,0,
228,875850,99999,20180817,59.4,8,52.5,8,1022.0,8,1019.0,8,6.2,8,5.7,8,8.0,999.9,   67.3*,  53.2 , 0.00I,999.9,0,
229,875850,99999,20180818,64.3,8,56.7,8,1016.1,8,1013.1,8,6.2,8,6.4,8,12.0,999.9,   75.7*,  53.4*, 0.00B,999.9,10000,
230,875850,99999,20180819,49.4,8,40.9,8,1027.6,8,1024.6,8,5.7,8,7.5,8,12.0,999.9,   77.4 ,  45.0 , 0.43G,999.9,10000,
231,875850,99999,20180820,45.3,8,34.8,8,1032.0,8,1029.0,8,6.2,8,5.8,8,9.9,999.9,   55.4 ,  37.4 , 0.00G,999.9,0,
232,875850,99999,20180821,46.1,8,34.9,8,1029.6,8,1026.5,8,6.2,8,1.6,8,4.1,999.9,   55.6*,  36.3 , 0.00G,999.9,0,
233,875850,99999,20180822,51.4,8,39.9,8,1024.5,8,1021.5,8,6.2,8,5.9,8,12.0,999.9,   60.3*,  39.9 , 0.00I,999.9,0,
234,875850,99999,20180823,54.2,8,46.9,8,1015.1,8,1012.0,8,6.2,8,8.3,8,9.9,999.9,   61.3 ,  49.1 , 0.00I,999.9,0,
235,875850,99999,20180824,53.3,8,47.2,8,1014.6,8,1011.6,8,6.1,8,4.5,8,8.0,999.9,   58.3 ,  48.7 , 0.02A,999.9,10000,
236,875850,99999,20180825,49.0,8,34.1,8,1023.4,8,1020.3,8,6.2,8,5.7,8,12.0,999.9,   58.3*,  38.5 , 0.00A,999.9,0,
237,875850,99999,20180826,53.8,8,33.8,8,1023.5,8,1020.5,8,6.2,8,4.9,8,9.9,999.9,   67.6*,  42.8 , 0.00I,999.9,0,
238,875850,99999,20180827,61.0,8,38.9,8,1018.6,8,1015.6,8,6.2,8,7.5,8,9.9,999.9,   72.1*,  49.3 , 0.00G,999.9,0,
239,875850,99999,20180828,62.1,8,42.9,8,1016.6,8,1013.6,8,6.2,8,6.9,8,8.9,999.9,   72.7 ,  52.9 , 0.00I,999.9,0,
240,875850,99999,20180829,64.2,8,51.6,8,1012.4,8,1009.4,8,6.1,8,2.6,8,5.1,999.9,   76.5*,  51.6 ,99.99 ,999.9,10000,
241,875850,99999,20180830,58.6,8,53.1,8,1013.5,8,1010.6,8,6.1,8,6.2,8,12.0,999.9,   77.9 ,  46.8*, 0.00G,999.9,10010,
242,875850,99999,20180831,47.5,8,37.0,8,1022.7,8,1019.7,8,6.2,8,8.1,8,13.0,999.9,   56.5 ,  42.8 , 0.55G,999.9,0,
243,875850,99999,20180901,50.6,8,42.1,8,1025.9,8,1022.9,8,6.2,8,5.9,8,8.0,999.9,   59.7*,  44.6 , 0.00G,999.9,0,
244,875850,99999,20180902,54.1,8,45.7,8,1025.1,8,1022.0,8,6.2,8,4.7,8,8.0,999.9,   63.1*,  45.3 , 0.00I,999.9,0,
245,875850,99999,20180903,56.4,8,51.0,8,1023.9,8,1020.9,8,5.8,8,3.0,8,5.1,999.9,   63.3 ,  50.0 , 0.00I,999.9,0,
246,875850,99999,20180904,57.5,8,48.6,8,1021.8,8,1018.8,8,6.2,8,3.6,8,8.9,999.9,   67.6*,  48.4 , 0.00I,999.9,0,
247,875850,99999,20180905,63.0,8,48.5,8,1017.3,8,1014.3,8,6.2,8,7.3,8,11.1,999.9,   72.0*,  55.4 , 0.00I,999.9,0,
248,875850,99999,20180906,65.6,8,51.9,8,1015.0,8,1012.0,8,6.2,8,4.5,8,7.0,999.9,   75.6*,  57.2 , 0.00I,999.9,0,
249,875850,99999,20180907,64.5,8,49.4,8,1018.8,8,1015.8,8,6.2,8,4.4,8,9.9,999.9,   77.0 ,  57.6 , 0.00I,999.9,0,
250,875850,99999,20180908,62.2,8,42.4,8,1022.7,8,1019.7,8,6.2,8,5.9,8,9.9,999.9,   70.7 ,  59.0 , 0.00I,999.9,0,
251,875850,99999,20180909,59.4,8,49.8,8,1025.0,8,1022.0,8,6.2,8,5.3,8,8.0,999.9,   66.9 ,  55.8 , 0.00I,999.9,0,
252,875850,99999,20180910,58.5,8,51.7,8,1025.8,8,1022.8,8,6.2,8,7.3,8,11.1,999.9,   63.9 ,  55.0 , 0.16G,999.9,10000,
253,875850,99999,20180911,60.8,8,51.8,8,1023.2,8,1020.2,8,6.2,8,5.6,8,9.9,999.9,   68.7*,  55.4 , 0.00G,999.9,0,
254,875850,99999,20180912,61.5,8,51.1,8,1020.0,8,1017.0,8,6.2,8,4.8,8,8.0,999.9,   69.1 ,  57.0 , 0.00I,999.9,0,
255,875850,99999,20180913,60.9,8,53.9,8,1018.9,8,1016.0,8,6.2,8,4.1,8,6.0,999.9,   69.1*,  52.2 , 0.00I,999.9,0,
256,875850,99999,20180914,60.6,8,54.8,8,1018.2,8,1015.3,8,6.1,8,3.9,8,7.0,999.9,   70.9 ,  56.3 , 0.00G,999.9,10000,
257,875850,99999,20180915,61.1,6,58.0,6,1015.8,6,1012.7,6,5.8,6,3.7,6,6.0,999.9,   67.3 ,  58.8 , 0.00G,999.9,10000,
258,875850,99999,20180916,64.2,6,60.3,6,1014.1,6,1011.1,6,5.6,6,2.9,6,5.1,999.9,   68.0*,  59.7 , 0.43G,999.9,10000,
259,875850,99999,20180918,70.1,4,62.3,4,1007.4,4,1004.5,4,6.2,4,8.2,4,9.9,999.9,   72.7*,  61.9 , 0.00I,999.9,0,
260,875850,99999,20180919,62.3,8,50.4,8,1010.4,8,1007.4,8,6.0,8,5.1,8,8.9,999.9,   73.4 ,  52.9 , 1.10G,999.9,10010,
261,875850,99999,20180920,69.3,4,40.7,4,1016.0,4,1013.1,4,6.2,4,5.8,4,8.0,999.9,   72.9*,  51.8 , 0.00G,999.9,0,
262,875850,99999,20180921,70.5,8,52.9,8,1011.7,8,1008.8,8,6.2,8,5.6,8,9.9,999.9,   83.1*,  61.9 , 0.00I,999.9,0,
263,875850,99999,20180922,75.7,8,65.6,8,1005.5,8,1002.5,8,6.2,8,4.7,8,8.9,999.9,   86.4*,  65.5 , 0.00I,999.9,10,
264,875850,99999,20180923,70.8,8,50.8,8,1007.6,8,1004.7,8,6.2,8,5.1,8,9.9,999.9,   89.2 ,  64.4 , 0.00I,999.9,10,
265,875850,99999,20180925,66.3,8,48.2,8,1017.3,8,1014.3,8,6.2,8,4.3,8,9.9,999.9,   73.2 ,  61.5 , 0.00I,999.9,0,
266,875850,99999,20180926,68.4,8,58.5,8,1014.3,8,1011.4,8,6.2,8,6.0,8,9.9,999.9,   72.9 ,  64.2 , 0.00I,999.9,0,
267,875850,99999,20180927,63.0,8,54.4,8,1017.5,8,1014.5,8,6.1,8,8.9,8,15.0,999.9,   74.5 ,  58.5 , 0.00G,999.9,10000,
268,875850,99999,20180928,63.3,8,59.6,8,1014.3,8,1011.3,8,5.9,8,6.7,8,12.0,999.9,   70.5*,  59.0 , 0.39G,999.9,10000,
269,875850,99999,20180929,67.8,8,63.7,8,1003.8,8,1000.9,8,5.5,8,7.4,8,13.0,999.9,   71.8 ,  61.9 , 0.31G,999.9,10010,
270,875850,99999,20180930,64.1,8,59.8,8,1006.8,8,1003.9,8,6.1,8,4.4,8,9.9,999.9,   72.0 ,  59.0 , 1.89G,999.9,10000,
271,875850,99999,20181001,57.7,8,43.9,8,1015.3,8,1012.3,8,6.0,8,6.6,8,8.0,999.9,   68.9 ,  54.0 , 0.08G,999.9,10000,
272,875850,99999,20181002,53.8,8,35.2,8,1018.8,8,1015.8,8,6.2,8,2.7,8,7.0,999.9,   64.2*,  41.0 , 0.00G,999.9,0,
273,875850,99999,20181003,62.4,8,40.0,8,1018.9,8,1015.9,8,6.2,8,3.6,8,7.0,999.9,   74.1*,  50.7 , 0.00I,999.9,0,
274,875850,99999,20181004,61.6,8,42.2,8,1021.9,8,1018.9,8,6.2,8,2.7,8,5.1,999.9,   74.7 ,  49.5 , 0.00I,999.9,0,
275,875850,99999,20181005,58.7,8,44.7,8,1025.3,8,1022.3,8,6.2,8,2.3,8,6.0,999.9,   70.5 ,  49.8 , 0.00I,999.9,0,
276,875850,99999,20181006,60.7,8,48.4,8,1020.3,8,1017.3,8,6.2,8,5.1,8,8.0,999.9,   70.2*,  52.7 , 0.00I,999.9,0,
277,875850,99999,20181007,67.2,8,51.4,8,1013.7,8,1010.7,8,6.2,8,4.2,8,7.0,999.9,   75.9*,  59.4 , 0.00I,999.9,0,
278,875850,99999,20181008,73.6,8,63.7,8,1007.4,8,1004.5,8,6.2,8,5.8,8,9.9,999.9,   83.5*,  64.8 , 0.00I,999.9,0,
279,875850,99999,20181009,69.9,8,53.4,8,1010.2,8,1007.3,8,6.2,8,4.2,8,8.0,999.9,   84.9 ,  59.5 , 0.28G,999.9,10,
280,875850,99999,20181010,63.4,8,34.8,8,1020.8,8,1017.8,8,6.2,8,5.8,8,8.9,999.9,   75.2 ,  53.2 , 0.00G,999.9,0,
281,875850,99999,20181011,57.1,8,39.7,8,1025.6,8,1022.6,8,6.0,8,5.3,8,14.0,999.9,   71.6 ,  53.6 ,99.99 ,999.9,10000,
282,875850,99999,20181012,56.2,8,48.3,8,1020.0,8,1017.0,8,6.1,8,3.3,8,5.1,999.9,   61.2*,  50.7 , 0.16G,999.9,10000,
283,875850,99999,20181013,60.7,8,50.6,8,1019.7,8,1016.7,8,5.8,8,3.1,8,9.9,999.9,   75.9*,  47.7 , 0.00G,999.9,0,
284,875850,99999,20181014,67.9,8,50.0,8,1017.7,8,1014.7,8,6.2,8,4.6,8,8.0,999.9,   78.6*,  57.0 , 0.00I,999.9,0,
285,875850,99999,20181015,69.9,7,51.6,7,1012.8,7,1009.9,7,6.2,7,5.0,7,8.0,999.9,   83.5*,  58.8 , 0.00I,999.9,0,
286,875850,99999,20181016,75.0,5,56.2,5,1007.9,5,1005.0,5,6.2,5,4.6,5,7.0,999.9,   80.8*,  63.7 , 0.00I,999.9,0,
287,875850,99999,20181017,73.9,8,62.2,8,1008.3,8,1005.4,8,6.2,8,4.3,8,9.9,999.9,   83.7*,  64.4 , 0.02A,999.9,0,
288,875850,99999,20181018,70.7,8,60.4,8,1014.1,8,1011.2,8,6.2,8,7.0,8,12.0,999.9,   83.7 ,  62.6 , 0.08G,999.9,0,
289,875850,99999,20181019,62.3,7,50.6,7,1024.2,7,1021.2,7,6.2,7,7.1,7,9.9,999.9,   74.1 ,  55.8 , 0.00G,999.9,0,
290,875850,99999,20181020,60.5,8,50.2,8,1024.0,8,1021.0,8,5.8,8,7.2,8,8.9,999.9,   70.3 ,  56.3 , 0.12G,999.9,10000,
291,875850,99999,20181021,62.8,8,52.7,8,1018.6,8,1015.6,8,6.2,8,4.6,8,9.9,999.9,   67.3*,  55.9 , 0.08G,999.9,10000,
292,875850,99999,20181022,64.7,8,54.3,8,1015.8,8,1012.8,8,6.1,8,3.3,8,8.0,999.9,   74.8*,  54.7 , 0.04G,999.9,10000,
293,875850,99999,20181023,62.6,6,49.2,6,1023.0,6,1020.1,6,6.2,6,6.0,6,8.9,999.9,   66.2*,  52.5 , 0.00G,999.9,0,
294,875850,99999,20181024,56.7,7,47.2,7,1022.9,7,1019.9,7,5.9,7,6.1,7,9.9,999.9,   66.4 ,  55.2 , 0.04G,999.9,10000,
295,875850,99999,20181025,62.4,8,52.8,8,1019.5,8,1016.5,8,6.2,8,4.3,8,6.0,999.9,   68.2*,  54.0 , 0.16G,999.9,0,
296,875850,99999,20181026,63.4,6,55.1,6,1017.7,6,1014.8,6,6.2,6,4.0,6,6.0,999.9,   71.1*,  56.8 , 0.00G,999.9,10000,
297,875850,99999,20181027,63.3,8,53.8,8,1017.3,8,1014.3,8,6.2,8,3.0,8,4.1,999.9,   71.8 ,  54.0 , 0.00G,999.9,0,
298,875850,99999,20181028,66.8,8,52.4,8,1016.9,8,1013.9,8,6.2,8,2.7,8,6.0,999.9,   75.9*,  56.1 , 0.00I,999.9,0,
299,875850,99999,20181029,71.9,8,57.5,8,1012.5,8,1009.5,8,6.2,8,5.1,8,8.9,999.9,   79.5*,  65.3 , 0.00I,999.9,0,
300,875850,99999,20181030,68.4,8,59.4,8,1010.3,8,1007.4,8,6.0,8,4.9,8,9.9,999.9,   80.8 ,  63.3 , 0.08G,999.9,10000,
301,875850,99999,20181031,64.1,8,56.9,8,1013.5,8,1010.5,8,6.2,8,4.6,8,8.9,999.9,   67.6 ,  57.2 , 0.24G,999.9,0,
302,875850,99999,20181101,56.8,8,42.7,8,1020.3,8,1017.3,8,6.2,8,5.4,8,9.9,999.9,   69.1 ,  47.8 , 0.00G,999.9,0,
303,875850,99999,20181102,60.7,8,50.2,8,1013.1,8,1010.1,8,6.2,8,6.1,8,8.0,999.9,   67.1 ,  54.3 , 0.00I,999.9,0,
304,875850,99999,20181103,68.0,8,57.1,8,1011.3,8,1008.3,8,6.1,8,5.4,8,13.0,999.9,   79.3*,  56.8 , 0.02G,999.9,10000,
305,875850,99999,20181104,71.7,8,57.7,8,1013.9,8,1011.0,8,6.2,8,3.4,8,8.0,999.9,   81.3*,  59.9 , 0.00G,999.9,0,
306,875850,99999,20181105,73.6,8,58.4,8,1013.7,8,1010.8,8,6.2,8,6.0,8,14.0,999.9,   81.5 ,  67.3 , 0.00I,999.9,0,
307,875850,99999,20181106,72.6,8,60.0,8,1018.6,8,1015.7,8,6.2,8,3.8,8,6.0,999.9,   80.4 ,  62.6 , 0.00I,999.9,0,
308,875850,99999,20181107,66.2,8,49.9,8,1026.0,8,1023.0,8,6.2,8,5.8,8,7.0,999.9,   80.4 ,  56.1 , 0.00I,999.9,0,
309,875850,99999,20181108,71.0,8,56.0,8,1019.1,8,1016.1,8,6.2,8,7.4,8,9.9,999.9,   81.3*,  61.7 , 0.00I,999.9,0,
310,875850,99999,20181109,80.6,8,66.1,8,1010.5,8,1007.5,8,6.2,8,5.6,8,8.0,999.9,   90.5*,  66.9 , 0.00I,999.9,0,
311,875850,99999,20181110,73.3,8,66.8,8,1006.5,8,1003.7,8,5.7,8,6.3,8,12.0,999.9,   91.0 ,  63.7*, 1.65G,999.9,10010,
312,875850,99999,20181111,72.1,8,67.5,8,1007.7,8,1004.8,8,6.1,8,6.2,8,9.9,999.9,   78.4*,  63.3 , 3.23G,999.9,10010,
313,875850,99999,20181112,75.9,8,67.8,8,1007.3,8,1004.4,8,6.1,8,4.5,8,9.9,999.9,   82.6*,  71.1 , 0.00G,999.9,10010,
314,875850,99999,20181113,74.0,8,69.8,8,1002.9,8,1000.0,8,5.9,8,4.2,8,12.0,999.9,   83.1 ,  70.0 , 1.34G,999.9,10010,
315,875850,99999,20181114,70.5,8,56.7,8,1003.7,8,1000.8,8,6.2,8,6.3,8,13.0,999.9,   80.1 ,  61.2 , 0.00G,999.9,10,
316,875850,99999,20181115,75.1,8,55.2,8,1008.1,8,1005.2,8,6.2,8,3.3,8,7.0,999.9,   86.4*,  64.4 , 0.00I,999.9,0,
317,875850,99999,20181116,61.1,6,46.5,6,1019.2,6,1016.2,6,6.1,6,7.8,6,14.0,999.9,   87.3 ,  52.5 , 0.39G,999.9,10010,
318,875850,99999,20181123,62.7,8,53.5,8,1015.5,8,1012.5,8,6.2,8,9.0,8,15.0,999.9,   88.2 ,  54.9 , 0.12G,999.9,0,
319,875850,99999,20181124,65.9,8,53.1,8,1015.2,8,1012.2,8,6.2,8,4.7,8,7.0,999.9,   75.9*,  55.4 , 0.00G,999.9,0,
320,875850,99999,20181125,66.8,8,47.6,8,1016.1,8,1013.1,8,6.2,8,2.8,8,6.0,999.9,   78.1*,  52.7 , 0.00I,999.9,0,
321,875850,99999,20181126,73.3,8,53.1,8,1018.6,8,1015.7,8,6.2,8,4.7,8,8.9,999.9,   80.4*,  66.0 , 0.00I,999.9,0,
322,875850,99999,20181127,72.2,8,52.8,8,1018.1,8,1015.2,8,6.1,8,5.2,8,8.0,999.9,   80.6 ,  69.6 ,99.99 ,999.9,10000,
323,875850,99999,20181128,71.1,8,58.5,8,1016.2,8,1013.2,8,6.2,8,6.5,8,9.9,999.9,   74.5 ,  66.6 , 0.00G,999.9,0,
324,875850,99999,20181129,68.4,8,61.5,8,1014.6,8,1011.7,8,6.0,8,6.2,8,12.0,999.9,   75.2 ,  63.7 , 0.00G,999.9,10000,
325,875850,99999,20181130,70.8,8,61.5,8,1010.8,8,1007.9,8,6.2,8,2.6,8,5.1,999.9,   76.8*,  64.6 , 0.00G,999.9,0,
326,875850,99999,20181201,64.4,8,52.4,8,1015.7,8,1012.7,8,5.8,8,9.9,8,14.0,999.9,   78.8 ,  56.3 , 0.51G,999.9,10010,
327,875850,99999,20181202,59.3,8,42.5,8,1021.8,8,1018.8,8,6.2,8,4.3,8,8.9,999.9,   68.9 ,  48.6 , 0.00G,999.9,0,
328,875850,99999,20181203,68.2,8,47.6,8,1013.2,8,1010.2,8,6.2,8,5.5,8,9.9,999.9,   82.6*,  56.3 , 0.00I,999.9,0,
329,875850,99999,20181204,68.7,8,52.4,8,1007.0,8,1004.0,8,6.2,8,4.9,8,8.0,999.9,   82.9 ,  57.6 , 0.00I,999.9,0,
330,875850,99999,20181205,66.8,8,53.7,8,1013.6,8,1010.6,8,6.2,8,5.0,8,9.9,999.9,   75.9*,  57.0 , 0.00I,999.9,0,
331,875850,99999,20181206,64.2,8,49.7,8,1022.5,8,1019.5,8,6.2,8,5.8,8,9.9,999.9,   77.0 ,  56.7 , 0.00I,999.9,0,
332,875850,99999,20181207,62.8,8,48.3,8,1024.8,8,1021.8,8,6.2,8,5.1,8,8.0,999.9,   72.0*,  50.9 , 0.00I,999.9,0,
333,875850,99999,20181208,70.0,8,49.9,8,1018.7,8,1015.8,8,6.2,8,4.2,8,8.0,999.9,   80.2*,  60.8 , 0.00I,999.9,0,
334,875850,99999,20181209,74.5,8,53.5,8,1012.1,8,1009.2,8,6.2,8,6.2,8,9.9,999.9,   83.8*,  67.3 , 0.00I,999.9,0,
335,875850,99999,20181210,72.8,8,59.8,8,1013.6,8,1010.7,8,6.2,8,2.5,8,6.0,999.9,   85.3*,  60.1 , 0.24G,999.9,10,
336,875850,99999,20181211,74.5,8,63.6,8,1010.4,8,1007.5,8,6.0,8,7.4,8,15.0,999.9,   86.0 ,  69.8 , 0.12G,999.9,10010,
337,875850,99999,20181212,76.0,8,61.6,8,1012.8,8,1009.9,8,6.2,8,2.5,8,4.1,999.9,   86.2*,  67.3 , 0.47G,999.9,0,
338,875850,99999,20181213,67.8,8,56.3,8,1011.4,8,1008.5,8,5.8,8,8.5,8,22.0,999.9,   86.9 ,  60.4*, 0.03G,999.9,10010,
339,875850,99999,20181214,68.8,8,63.0,8,1005.4,8,1002.5,8,5.7,8,6.6,8,15.0,999.9,   77.7*,  59.4 , 3.98G,999.9,10010,
340,875850,99999,20181215,70.6,8,50.7,8,1016.2,8,1013.3,8,6.2,8,4.6,8,8.9,999.9,   80.1*,  57.7 , 0.00G,999.9,0,
341,875850,99999,20181216,77.3,8,59.6,8,1013.6,8,1010.7,8,6.2,8,4.7,8,9.9,999.9,   88.7*,  66.9 , 0.00I,999.9,0,
342,875850,99999,20181217,73.9,8,66.8,8,1009.6,8,1006.7,8,5.4,8,5.6,8,8.0,999.9,   88.9 ,  66.2 , 3.15G,999.9,10010,
343,875850,99999,20181218,66.5,8,56.6,8,1018.8,8,1015.8,8,6.2,8,5.1,8,7.0,999.9,   75.7 ,  59.0 , 0.00G,999.9,10000,
344,875850,99999,20181219,71.1,8,63.7,8,1014.7,8,1011.8,8,6.0,8,5.1,8,7.0,999.9,   79.2*,  64.4 , 0.02G,999.9,10000,
345,875850,99999,20181220,76.1,8,68.6,8,1007.7,8,1004.8,8,6.1,8,5.8,8,8.0,999.9,   80.6*,  69.8 , 0.00G,999.9,10010,
346,875850,99999,20181221,73.9,8,64.8,8,1006.7,8,1003.8,8,6.2,8,3.6,8,8.0,999.9,   81.7 ,  67.3 , 2.20G,999.9,0,
347,875850,99999,20181222,73.9,8,61.6,8,1010.3,8,1007.4,8,6.2,8,4.1,8,7.0,999.9,   82.4*,  64.0 , 0.00G,999.9,0,
348,875850,99999,20181223,76.8,8,61.2,8,1014.2,8,1011.3,8,6.2,8,3.9,8,7.0,999.9,   84.7*,  67.6 , 0.00I,999.9,0,
349,875850,99999,20181224,80.4,8,62.8,8,1015.1,8,1012.2,8,6.2,8,4.6,8,8.0,999.9,   87.4*,  71.6 , 0.00I,999.9,0,
350,875850,99999,20181225,80.1,8,63.8,8,1012.8,8,1009.8,8,6.2,8,6.2,8,9.9,999.9,   87.4 ,  72.5 , 0.00I,999.9,0,
351,875850,99999,20181226,82.2,8,68.3,8,1010.5,8,1007.6,8,6.2,8,4.4,8,7.0,999.9,   88.7*,  75.2 , 0.00I,999.9,0,
352,875850,99999,20181227,81.8,8,70.4,8,1006.8,8,1003.9,8,6.2,8,4.9,8,7.0,999.9,   89.1 ,  75.2 , 0.00I,999.9,0,
353,875850,99999,20181228,80.2,8,68.9,8,1008.3,8,1005.4,8,6.2,8,4.2,8,11.1,999.9,   88.9 ,  73.9 , 0.00I,999.9,0,
354,875850,99999,20181229,79.0,8,67.6,8,1006.5,8,1003.7,8,5.9,8,4.8,8,7.0,999.9,   87.3 ,  68.9 , 0.94G,999.9,10010,
355,875850,99999,20181230,75.6,8,64.3,8,1008.2,8,1005.2,8,5.9,8,5.2,8,9.9,999.9,   86.4 ,  66.0 , 1.22G,999.9,10010,
356,875850,99999,20181231,74.1,8,55.4,8,1013.2,8,1010.3,8,6.2,8,3.7,8,7.0,999.9,   81.7 ,  67.3 , 0.00G,999.9,0,
357,875850,99999,20190101,79.9,8,70.7,8,1009.6,8,1006.7,8,6.1,8,4.6,8,7.0,999.9,   88.2*,  74.1 ,99.99 ,999.9,10010,
358,875850,99999,20190102,81.4,8,74.8,8,1004.7,8,1001.8,8,6.2,8,3.8,8,6.0,999.9,   90.9 ,  76.6*, 0.08G,999.9,10,
359,875850,99999,20190103,71.7,8,54.6,8,1010.8,8,1007.9,8,6.2,8,6.2,8,9.9,999.9,   89.8 ,  62.6 , 0.35G,999.9,0,
360,875850,99999,20190104,73.6,8,54.9,8,1013.6,8,1010.7,8,6.2,8,4.8,8,7.0,999.9,   84.0*,  64.0 , 0.00G,999.9,0,
361,875850,99999,20190105,78.7,8,58.7,8,1012.8,8,1009.9,8,6.2,8,5.0,8,9.9,999.9,   85.5*,  70.2 , 0.00I,999.9,0,
362,875850,99999,20190106,77.8,8,65.5,8,1006.8,8,1003.9,8,6.2,8,4.5,8,8.9,999.9,   86.2 ,  72.0 , 0.04G,999.9,10000,
363,875850,99999,20190107,75.7,8,68.6,8,1000.6,8,997.8,8,5.4,8,3.2,8,6.0,999.9,   82.8 ,  69.4 , 0.16G,999.9,10000,
364,875850,99999,20190108,80.3,8,68.7,8,1006.5,8,1003.6,8,6.2,8,4.2,8,8.0,999.9,   87.3*,  71.8 , 0.00G,999.9,0,
365,875850,99999,20190109,81.5,8,67.2,8,1006.1,8,1003.2,8,6.2,8,3.2,8,6.0,999.9,   87.8 ,  70.7 , 0.00G,999.9,0,
366,875850,99999,20190110,71.9,8,61.4,8,1012.6,8,1009.7,8,6.1,8,6.0,8,9.9,999.9,   85.8 ,  67.3 , 0.00G,999.9,10000,
367,875850,99999,20190111,66.9,8,50.7,8,1020.0,8,1017.0,8,6.2,8,5.1,8,7.0,999.9,   74.8*,  54.5 , 0.02G,999.9,0,
368,875850,99999,20190112,75.0,8,61.0,8,1016.2,8,1013.3,8,6.2,8,6.6,8,9.9,999.9,   82.4*,  68.4 , 0.00G,999.9,0,
369,875850,99999,20190113,75.6,8,68.9,8,1013.1,8,1010.2,8,6.1,8,4.4,8,8.0,999.9,   82.9 ,  73.2 , 0.00G,999.9,10000,
370,875850,99999,20190114,75.5,8,69.1,8,1013.3,8,1010.4,8,6.1,8,3.6,8,8.0,999.9,   82.0*,  68.5 , 0.16G,999.9,0,
371,875850,99999,20190115,73.3,8,69.1,8,1010.7,8,1007.8,8,5.7,8,4.1,8,8.0,999.9,   82.0 ,  69.1*, 0.20G,999.9,10000,
372,875850,99999,20190116,73.8,8,66.1,8,1009.1,8,1006.2,8,5.8,8,3.0,8,5.1,999.9,   84.7*,  66.0 , 1.54G,999.9,0,
373,875850,99999,20190117,72.7,8,60.6,8,1016.5,8,1013.6,8,6.2,8,6.1,8,14.0,999.9,   85.3 ,  64.8 , 0.00G,999.9,0,
374,875850,99999,20190118,65.7,8,55.2,8,1021.5,8,1018.6,8,5.7,8,6.7,8,9.9,999.9,   75.4 ,  56.7 , 0.16G,999.9,10000,
375,875850,99999,20190119,69.4,8,57.6,8,1022.3,8,1019.3,8,6.2,8,4.5,8,12.0,999.9,   77.0*,  58.3 , 0.02G,999.9,0,
376,875850,99999,20190120,72.8,8,58.0,8,1019.0,8,1016.1,8,6.2,8,6.3,8,11.1,999.9,   78.8*,  66.9 , 0.00G,999.9,0,
377,875850,99999,20190121,77.7,8,62.4,8,1013.0,8,1010.1,8,6.2,8,4.5,8,7.0,999.9,   86.9*,  69.1 , 0.00I,999.9,0,
378,875850,99999,20190122,83.1,8,67.1,8,1011.0,8,1008.1,8,6.2,8,4.6,8,11.1,999.9,   91.2*,  74.5 , 0.00I,999.9,0,
379,875850,99999,20190123,81.4,8,70.1,8,1012.8,8,1009.9,8,6.2,8,6.3,8,9.9,999.9,   92.1 ,  73.4 , 0.00I,999.9,0,
380,875850,99999,20190124,79.2,8,69.3,8,1016.1,8,1013.2,8,6.2,8,5.1,8,8.0,999.9,   86.7*,  73.8 , 0.00I,999.9,0,
381,875850,99999,20190125,75.7,8,69.6,8,1013.1,8,1010.2,8,5.8,8,6.0,8,9.9,999.9,   87.8 ,  72.5 , 0.00G,999.9,10010,
382,875850,99999,20190126,79.7,8,72.6,8,1011.7,8,1008.7,8,6.2,8,3.2,8,6.0,999.9,   89.2*,  71.6 , 1.06G,999.9,0,
383,875850,99999,20190127,82.0,8,73.6,8,1012.5,8,1009.6,8,6.2,8,5.0,8,9.9,999.9,   90.5 ,  76.6 , 0.00G,999.9,0,
384,875850,99999,20190128,86.5,8,75.1,8,1009.1,8,1006.2,8,6.2,8,4.2,8,8.9,999.9,   96.8*,  79.9 , 0.00I,999.9,0,
385,875850,99999,20190129,89.4,8,75.6,8,1007.9,8,1005.0,8,6.2,8,6.1,8,9.9,999.9,   98.1*,  80.2 , 0.00I,999.9,0,
386,875850,99999,20190130,80.4,8,71.9,8,1007.7,8,1004.8,8,6.1,8,5.2,8,9.9,999.9,   98.8 ,  73.8 , 1.54G,999.9,10010,
387,875850,99999,20190131,77.5,8,64.5,8,1011.8,8,1008.8,8,6.2,8,5.1,8,8.9,999.9,   88.5 ,  64.8 , 0.00G,999.9,0,
388,875850,99999,20190201,82.9,8,72.9,8,1011.0,8,1007.4,8,6.2,8,3.5,8,7.0,999.9,   90.0*,  72.0 , 0.00I,999.9,0,
389,875850,99999,20190202,77.5,8,61.9,8,1017.8,8,1014.9,8,6.2,8,8.2,8,15.0,999.9,   90.0 ,  69.4 , 0.00I,999.9,0,
390,875850,99999,20190203,68.1,8,52.6,8,1025.6,8,1022.6,8,6.2,8,6.6,8,9.9,999.9,   79.9 ,  57.7 , 0.00I,999.9,0,
391,875850,99999,20190204,71.5,8,57.2,8,1023.7,8,1020.8,8,6.2,8,2.7,8,4.1,999.9,   77.4*,  64.8 , 0.00I,999.9,0,
392,875850,99999,20190205,74.2,8,58.8,8,1020.6,8,1017.7,8,6.2,8,3.7,8,7.0,999.9,   80.2*,  64.2 , 0.00I,999.9,0,
393,875850,99999,20190206,77.1,8,63.1,8,1015.4,8,1012.5,8,6.2,8,4.7,8,8.9,999.9,   84.2*,  66.6 , 0.00I,999.9,0,
394,875850,99999,20190207,80.1,8,65.0,8,1010.2,8,1007.2,8,6.2,8,4.6,8,7.0,999.9,   87.1*,  71.8 , 0.00I,999.9,0,
395,875850,99999,20190208,83.0,8,68.4,8,1008.3,8,1005.4,8,6.2,8,4.2,8,8.0,999.9,   90.9*,  74.3 , 0.00I,999.9,0,
396,875850,99999,20190209,83.4,8,69.3,8,1007.7,8,1004.8,8,6.2,8,3.2,8,13.0,999.9,   95.4*,  75.2 , 0.00I,999.9,0,
397,875850,99999,20190210,83.2,8,67.9,8,1004.8,8,1002.0,8,6.2,8,2.9,8,8.0,999.9,   95.9 ,  71.2 , 0.00I,999.9,0,
398,875850,99999,20190211,77.1,8,65.5,8,1006.0,8,1003.1,8,6.1,8,5.0,8,15.0,999.9,   95.5 ,  67.1 , 0.51B,999.9,10010,
399,875850,99999,20190212,64.6,8,47.0,8,1024.3,8,1021.3,8,6.2,8,6.7,8,8.9,999.9,   77.9 ,  54.0 , 0.00I,999.9,0,
400,875850,99999,20190213,68.2,8,49.4,8,1021.9,8,1018.9,8,6.2,8,4.1,8,8.0,999.9,   74.7*,  60.1 , 0.00I,999.9,0,
401,875850,99999,20190214,68.9,8,58.1,8,1017.2,8,1014.2,8,5.8,8,2.2,8,4.1,999.9,   75.4 ,  61.9 , 0.35B,999.9,10010,
402,875850,99999,20190215,70.3,8,59.5,8,1016.3,8,1013.4,8,6.2,8,1.5,8,5.1,999.9,   81.5*,  59.4 , 0.00I,999.9,0,
403,875850,99999,20190216,74.6,8,61.6,8,1016.5,8,1013.6,8,6.2,8,2.4,8,7.0,999.9,   84.2*,  62.4 , 0.00I,999.9,0,
404,875850,99999,20190217,79.2,8,66.1,8,1014.6,8,1011.7,8,6.2,8,4.8,8,7.0,999.9,   86.9*,  72.0 , 0.00I,999.9,0,
405,875850,99999,20190218,80.4,8,68.7,8,1010.4,8,1007.5,8,6.2,8,4.5,8,7.0,999.9,   87.3*,  73.4 , 0.00I,999.9,0,
406,875850,99999,20190219,85.1,8,68.4,8,1007.0,8,1004.3,8,6.2,8,3.4,8,6.0,999.9,   96.1*,  74.3 , 0.00I,999.9,0,
407,875850,99999,20190220,88.4,8,69.7,8,1007.2,8,1004.4,8,6.2,8,4.3,8,7.0,999.9,   96.8*,  79.9 , 0.00I,999.9,0,
408,875850,99999,20190221,87.3,12,69.8,12,1010.0,12,1007.2,12,6.2,12,4.1,12,7.0,999.9,   97.9 ,  76.1 , 0.00I,999.9,0,
409,875850,99999,20190222,83.9,24,71.4,24,1009.4,24,1006.5,24,6.2,24,3.4,24,9.9,999.9,   93.2 ,  79.2 , 0.02A,999.9,10010,
410,875850,99999,20190223,76.2,24,72.9,24,1006.5,24,1003.6,24,5.4,24,2.5,24,7.0,999.9,   82.0 ,  72.5 , 0.88D,999.9,10110,
411,875850,99999,20190224,71.3,24,61.1,24,1005.8,24,1002.9,24,6.1,24,3.5,24,9.9,999.9,   80.1 ,  63.9 , 0.05B,999.9,10000,
412,875850,99999,20190225,66.4,24,47.8,24,1013.1,24,1010.1,24,6.2,24,5.2,24,8.9,999.9,   76.1 ,  55.9 , 0.00I,999.9,0,
413,875850,99999,20190226,64.0,24,43.8,24,1017.7,24,1014.7,24,6.2,24,4.0,24,9.9,999.9,   74.5 ,  51.8 , 0.00I,999.9,0,
414,875850,99999,20190227,67.6,23,46.4,23,1016.0,23,1013.1,23,6.2,23,4.1,23,8.9,999.9,   81.0*,  58.5 , 0.00I,999.9,0,
415,875850,99999,20190228,68.6,24,54.4,24,1014.7,24,1011.8,24,6.2,24,3.3,24,8.9,999.9,   81.5 ,  57.7 , 0.02A,999.9,10000,
416,875850,99999,20190301,75.4,24,61.7,24,1010.2,24,1007.3,24,6.2,24,6.2,24,14.0,999.9,   88.2*,  63.7 , 0.00I,999.9,0,
417,875850,99999,20190302,74.0,24,58.3,24,1012.4,24,1009.5,24,6.2,24,4.7,24,9.9,999.9,   88.3 ,  61.9 ,99.99 ,999.9,10000,
418,875850,99999,20190303,72.3,24,58.2,24,1014.3,24,1011.4,24,6.2,24,4.9,24,8.0,999.9,   80.2 ,  65.5 , 0.00I,999.9,0,
419,875850,99999,20190304,72.5,24,64.9,24,1008.4,24,1005.5,24,5.7,24,3.6,24,11.1,999.9,   79.5 ,  67.5 , 1.60C,999.9,10010,
420,875850,99999,20190305,72.2,24,64.7,24,1014.1,24,1011.2,24,6.2,24,2.2,24,6.0,999.9,   80.6*,  63.3 , 0.00I,999.9,0,
421,875850,99999,20190306,78.9,24,67.9,24,1011.9,24,1009.0,24,6.2,24,3.1,24,8.0,999.9,   90.9*,  68.0 , 0.00I,999.9,0,
422,875850,99999,20190307,82.6,24,72.6,24,1006.8,24,1003.9,24,6.0,24,4.4,24,9.9,999.9,   90.9 ,  69.3*,99.99 ,999.9,10010,
423,875850,99999,20190308,68.5,24,58.5,24,1016.1,24,1013.1,24,6.0,24,6.6,24,12.0,999.9,   90.5 ,  62.1 , 1.22B,999.9,10010,
424,875850,99999,20190309,62.6,24,48.2,24,1026.7,24,1023.7,24,6.2,24,6.1,24,9.9,999.9,   73.8 ,  51.3 , 0.00I,999.9,0,
425,875850,99999,20190310,67.3,23,54.0,23,1026.3,23,1023.3,23,6.2,23,3.8,23,8.0,999.9,   74.3*,  57.0 , 0.00I,999.9,0,
426,875850,99999,20190311,70.0,24,57.3,24,1020.7,24,1017.8,24,6.2,24,5.8,24,9.9,999.9,   75.6*,  64.4 , 0.00I,999.9,0,
427,875850,99999,20190312,68.9,23,64.4,23,1013.4,23,1010.5,23,5.8,23,3.5,23,9.9,999.9,   76.1 ,  66.0 , 0.93C,999.9,10000,
428,875850,99999,20190313,66.3,14,61.6,14,1011.6,14,1008.6,14,6.2,14,3.8,14,8.0,999.9,   74.5*,  63.5*, 0.00I,999.9,0,
429,875850,99999,20190314,69.2,23,61.2,23,1014.3,23,1011.3,23,6.2,23,2.9,23,6.0,999.9,   79.2*,  60.4 , 0.00I,999.9,0,
430,875850,99999,20190315,71.6,24,66.3,24,1016.7,24,1013.8,24,6.2,24,4.4,24,9.9,999.9,   80.1 ,  63.0 , 0.00G,999.9,10000,
431,875850,99999,20190316,74.3,24,67.6,24,1016.1,24,1013.2,24,6.2,24,4.9,24,9.9,999.9,   79.2*,  70.9 ,99.99 ,999.9,10000,
432,875850,99999,20190317,75.6,24,66.3,24,1012.1,24,1009.2,24,6.2,24,4.0,24,12.0,999.9,   81.9*,  70.7 , 0.28B,999.9,10000,
433,875850,99999,20190318,76.4,24,65.2,24,1008.5,24,1005.5,24,6.2,24,2.4,24,8.9,999.9,   86.2*,  68.0 , 0.00I,999.9,0,
434,875850,99999,20190319,65.5,24,54.9,24,1014.9,24,1011.9,24,6.1,24,4.9,24,9.9,999.9,   86.5 ,  60.8 , 0.00A,999.9,10000,
435,875850,99999,20190320,61.8,24,47.0,24,1022.5,24,1019.6,24,6.2,24,5.4,24,12.0,999.9,   70.7*,  53.2 , 0.04A,999.9,0,
436,875850,99999,20190321,59.7,20,47.1,20,1023.0,20,1020.1,20,6.2,20,2.3,20,5.1,999.9,   70.7 ,  51.6 , 0.00I,999.9,0,
437,875850,99999,20190322,65.1,24,51.1,24,1019.9,24,1017.0,24,6.2,24,3.5,24,9.9,999.9,   72.5*,  56.8 , 0.00I,999.9,0,
438,875850,99999,20190323,66.9,24,54.6,24,1016.5,24,1013.5,24,6.2,24,3.3,24,11.1,999.9,   77.9*,  56.7 , 0.00I,999.9,0,
439,875850,99999,20190324,68.1,24,53.6,24,1014.7,24,1011.8,24,6.2,24,5.2,24,9.9,999.9,   78.1 ,  60.6 , 0.00I,999.9,0,
440,875850,99999,20190325,61.3,24,47.4,24,1019.6,24,1016.6,24,6.2,24,5.5,24,8.0,999.9,   73.8 ,  50.9 , 0.00I,999.9,0,
441,875850,99999,20190326,63.1,24,52.2,24,1024.3,24,1021.3,24,6.2,24,4.3,24,7.0,999.9,   71.4 ,  53.6 , 0.00I,999.9,0,
442,875850,99999,20190327,64.1,24,53.2,24,1027.9,24,1024.9,24,6.2,24,3.4,24,7.0,999.9,   72.5*,  54.0 , 0.00I,999.9,0,
443,875850,99999,20190328,69.1,24,57.4,24,1026.3,24,1023.3,24,6.2,24,5.8,24,13.0,999.9,   77.4*,  62.4 , 0.00I,999.9,0,
444,875850,99999,20190329,71.9,23,63.1,23,1020.4,23,1017.5,23,6.1,23,4.8,23,13.0,999.9,   79.9*,  67.6 ,99.99 ,999.9,10000,
445,875850,99999,20190330,76.1,24,66.2,24,1015.3,24,1012.4,24,6.2,24,1.5,24,4.1,999.9,   85.5*,  67.3 , 0.00I,999.9,0,
446,875850,99999,20190331,76.0,24,66.1,24,1015.5,23,1012.6,23,6.0,24,2.3,24,8.0,999.9,   85.8 ,  67.5 , 0.00I,999.9,0,
447,875850,99999,20190401,74.5,24,66.8,24,1014.9,24,1012.0,24,6.2,24,2.9,24,6.0,999.9,   84.6 ,  70.3 , 0.00I,999.9,0,
448,875850,99999,20190402,78.8,24,68.5,24,1011.0,24,1008.1,24,6.2,24,3.2,24,9.9,999.9,   90.5*,  71.6 , 0.00I,999.9,0,
449,875850,99999,20190403,70.7,24,57.8,24,1011.7,24,1008.8,24,6.2,24,5.6,24,15.9,999.9,   90.9 ,  62.6 , 0.00I,999.9,0,
450,875850,99999,20190404,70.8,24,62.6,24,1003.2,24,1000.3,24,6.2,24,5.2,24,12.0,999.9,   84.6*,  66.2 , 0.47A,999.9,10010,
451,875850,99999,20190405,63.5,24,51.9,24,1016.1,24,1013.1,24,6.2,24,6.6,24,9.9,999.9,   84.9 ,  55.4 , 0.00I,0.4,0,
452,875850,99999,20190406,62.6,24,51.7,24,1021.5,24,1018.5,24,6.2,24,2.7,24,9.9,999.9,   72.3 ,  52.7 , 0.00I,999.9,0,
453,875850,99999,20190407,65.9,24,53.4,24,1019.9,24,1016.9,24,6.2,24,3.0,24,6.0,999.9,   78.3*,  53.4 , 0.00I,999.9,0,
454,875850,99999,20190408,69.2,24,54.3,24,1019.3,24,1016.3,24,6.2,24,2.6,24,7.0,999.9,   81.7*,  57.4 , 0.00I,999.9,0,
455,875850,99999,20190409,71.6,24,58.1,24,1017.5,24,1014.6,24,6.2,24,2.8,24,6.0,999.9,   82.0 ,  59.9 , 0.00I,999.9,0,
456,875850,99999,20190410,73.5,24,60.6,24,1014.1,24,1011.2,24,6.2,24,3.4,24,6.0,999.9,   81.9 ,  65.8 , 0.00I,999.9,0,
457,875850,99999,20190411,64.2,24,57.4,24,1016.2,24,1013.2,24,6.0,24,4.4,24,8.0,999.9,   81.1 ,  57.2 , 0.39B,0.4,10000,
458,875850,99999,20190412,59.7,24,49.8,24,1017.7,24,1014.7,24,6.2,24,2.6,24,8.0,999.9,   69.3 ,  49.3 , 0.00I,999.9,0,
459,875850,99999,20190413,67.6,24,53.7,24,1012.4,24,1009.4,24,6.2,24,4.7,24,9.9,999.9,   77.9*,  57.4 , 0.00I,999.9,0,
460,875850,99999,20190414,71.6,24,60.3,24,1012.4,24,1009.5,24,6.2,24,2.8,24,6.0,999.9,   83.7*,  62.6 , 0.00I,999.9,0,
461,875850,99999,20190415,66.2,24,56.5,24,1020.9,24,1017.9,24,6.2,24,5.0,24,8.9,999.9,   83.8 ,  62.1 , 0.00I,999.9,0,
462,875850,99999,20190416,62.8,24,52.4,24,1022.5,24,1019.6,24,6.2,24,2.8,24,8.9,999.9,   72.7*,  52.3 , 0.00I,999.9,0,
463,875850,99999,20190417,68.2,24,57.9,24,1016.4,24,1013.4,24,6.2,24,4.5,24,8.9,999.9,   76.3*,  57.9 , 0.00I,999.9,0,
464,875850,99999,20190418,69.3,24,57.2,24,1013.0,24,1010.1,24,6.2,24,3.2,24,9.9,999.9,   78.8*,  61.7 , 0.00I,999.9,0,
465,875850,99999,20190419,72.6,24,61.1,24,1010.4,24,1007.5,24,6.2,24,3.1,24,6.0,999.9,   84.6*,  63.1 , 0.00I,999.9,0,
466,875850,99999,20190420,68.8,24,57.3,24,1013.3,24,1010.4,24,6.2,24,4.5,24,8.9,999.9,   85.1 ,  58.3 , 0.00I,999.9,0,
467,875850,99999,20190421,61.7,24,52.4,24,1017.4,24,1014.4,24,6.2,24,2.3,24,6.0,999.9,   74.5 ,  52.3 , 0.00I,999.9,0,
468,875850,99999,20190422,60.7,24,52.2,24,1020.2,24,1017.3,24,6.2,24,1.7,24,4.1,999.9,   71.1*,  53.6 , 0.00I,999.9,0,
469,875850,99999,20190423,62.0,23,53.5,23,1022.6,23,1019.7,23,6.2,23,3.3,23,7.0,999.9,   71.4 ,  57.2 , 0.00I,999.9,0,
470,875850,99999,20190424,62.1,23,56.2,23,1023.2,23,1020.2,23,6.2,23,3.3,23,9.9,999.9,   68.0*,  54.9 , 0.00I,999.9,0,
471,875850,99999,20190425,65.6,24,58.8,24,1023.0,24,1020.0,24,6.2,24,7.9,24,15.9,999.9,   69.1*,  60.8 , 0.00I,999.9,0,
472,875850,99999,20190426,64.1,24,60.2,24,1018.9,24,1015.9,24,5.4,24,5.8,24,9.9,999.9,   69.1 ,  60.8 , 0.67B,0.4,10000,
473,875850,99999,20190427,64.7,24,62.5,24,1012.4,24,1009.4,24,5.3,24,3.4,24,8.9,999.9,   68.9*,  60.3 , 0.47D,0.8,10000,
474,875850,99999,20190428,66.6,24,60.5,24,1012.5,24,1009.5,24,6.1,24,2.1,24,7.0,999.9,   74.7*,  61.5 , 0.00I,999.9,0,
475,875850,99999,20190429,66.2,24,60.0,24,1012.1,24,1009.1,24,6.2,24,3.6,24,6.0,999.9,   76.5*,  57.9 , 0.00I,999.9,0,
476,875850,99999,20190430,59.1,24,47.4,24,1019.6,24,1016.7,24,6.2,24,3.9,24,8.9,999.9,   76.6 ,  51.1 , 0.00I,999.9,0,
477,875850,99999,20190501,58.7,23,45.8,23,1017.7,23,1014.7,23,6.2,23,4.0,23,8.0,999.9,   70.2*,  47.7 , 0.00I,999.9,0,
478,875850,99999,20190502,66.3,24,54.0,24,1007.5,24,1004.5,24,6.2,24,6.0,24,9.9,999.9,   76.1*,  56.8 , 0.00I,999.9,0,
479,875850,99999,20190503,69.0,24,56.7,24,1008.9,24,1006.0,24,6.2,24,2.4,24,9.9,999.9,   80.1*,  61.7 , 0.00I,999.9,0,
480,875850,99999,20190504,66.3,24,57.6,24,1014.6,24,1011.7,24,6.2,24,5.2,24,9.9,999.9,   81.0 ,  63.0 , 0.00I,999.9,0,
481,875850,99999,20190505,66.3,24,64.3,24,1012.9,24,1009.9,24,5.4,24,5.1,24,13.0,999.9,   69.8 ,  64.6 , 0.53C,999.9,10010,
482,875850,99999,20190506,62.5,24,55.8,24,1020.8,24,1017.8,24,6.2,24,4.0,24,7.0,999.9,   69.8*,  55.8 , 0.44B,0.8,10010,
483,875850,99999,20190507,59.0,24,51.9,24,1022.5,24,1019.5,24,6.2,24,4.1,24,8.0,999.9,   70.3 ,  51.8 , 0.00I,999.9,0,
484,875850,99999,20190508,62.7,24,55.1,24,1021.0,24,1018.0,24,6.2,24,4.6,24,8.0,999.9,   68.0*,  56.5 , 0.04A,999.9,10000,
485,875850,99999,20190509,63.3,24,59.1,24,1012.1,24,1009.1,24,5.9,24,5.3,24,9.9,999.9,   68.4 ,  59.4 , 0.03A,999.9,10010,
486,875850,99999,20190510,61.9,24,57.2,24,1007.5,24,1004.5,24,5.8,24,5.4,24,11.1,999.9,   67.8 ,  58.5*, 0.89C,0.8,10000,
487,875850,99999,20190511,58.9,24,49.2,24,1014.4,24,1011.4,24,6.2,24,4.7,24,12.0,999.9,   69.3*,  50.7 , 0.00I,999.9,0,
488,875850,99999,20190512,60.8,24,48.4,24,1019.0,24,1016.0,24,6.2,24,3.1,24,9.9,999.9,   74.7*,  51.8 , 0.00I,999.9,0,
489,875850,99999,20190513,64.4,24,51.1,24,1022.5,24,1019.5,24,6.2,24,3.8,24,8.0,999.9,   76.1*,  53.6 , 0.00I,999.9,0,
490,875850,99999,20190514,56.1,23,45.6,23,1029.6,23,1026.5,23,6.2,23,4.9,23,11.1,999.9,   76.3 ,  47.1 , 0.00I,999.9,0,
491,875850,99999,20190515,61.0,23,51.3,23,1027.8,23,1024.8,23,6.2,23,3.5,23,9.9,999.9,   67.5*,  51.8 , 0.00I,999.9,0,
492,875850,99999,20190516,60.7,23,54.4,23,1024.6,23,1021.6,23,6.2,23,2.9,23,8.0,999.9,   73.4*,  52.2 , 0.00I,999.9,0,
493,875850,99999,20190517,67.2,24,59.1,24,1018.4,24,1015.4,24,6.2,24,7.2,24,12.0,999.9,   73.9 ,  55.8 , 0.00I,999.9,0,
494,875850,99999,20190518,69.0,24,60.8,24,1015.4,24,1012.5,24,6.2,24,4.7,24,9.9,999.9,   77.4*,  62.6 , 0.00I,999.9,10,
495,875850,99999,20190519,60.4,24,56.2,24,1017.8,24,1014.8,24,6.0,24,3.6,24,11.1,999.9,   77.4 ,  55.8 , 0.28B,0.4,10000,
496,875850,99999,20190520,57.0,24,51.1,24,1018.2,24,1015.2,24,6.1,24,5.7,24,12.0,999.9,   63.5*,  50.4 ,99.99 ,999.9,10000,
497,875850,99999,20190521,58.2,22,53.1,22,1019.4,22,1016.4,22,6.0,22,6.5,22,15.0,999.9,   63.9 ,  54.3 , 0.79C,0.8,10000,
498,875850,99999,20190522,56.0,22,47.5,22,1023.0,22,1020.0,22,6.2,22,4.6,22,7.0,999.9,   64.8*,  48.9 , 0.00I,999.9,0,
499,875850,99999,20190523,54.0,23,41.6,23,1021.1,23,1018.1,23,6.2,23,1.8,23,5.1,999.9,   63.9*,  43.3 , 0.00I,999.9,0,
500,875850,99999,20190524,55.9,24,43.0,24,1016.7,24,1013.7,24,6.2,24,1.9,24,5.1,999.9,   70.0*,  45.0 , 0.00I,999.9,0,
501,875850,99999,20190525,58.6,24,47.2,24,1014.8,24,1011.8,24,6.2,24,4.1,24,9.9,999.9,   70.0 ,  51.4 , 0.00I,999.9,0,
502,875850,99999,20190526,60.8,24,53.3,24,1012.0,24,1009.0,24,6.2,24,4.7,24,8.9,999.9,   67.1*,  55.2 , 0.00I,999.9,0,
503,875850,99999,20190527,60.0,24,56.7,24,1012.2,24,1009.2,24,5.3,24,1.4,24,5.1,999.9,   66.9 ,  56.3 , 0.00I,999.9,0,
504,875850,99999,20190528,58.4,24,52.9,24,1014.9,24,1011.9,24,6.2,24,1.7,24,2.9,999.9,   65.8 ,  50.7 , 0.00I,999.9,0,
505,875850,99999,20190529,52.5,24,45.0,24,1019.8,24,1016.8,24,6.2,24,2.4,24,6.0,999.9,   64.8 ,  45.9 , 0.00I,999.9,0,
506,875850,99999,20190530,53.2,24,45.1,24,1019.8,24,1016.7,24,6.1,24,4.9,24,9.9,999.9,   56.7 ,  47.3 ,99.99 ,999.9,10000,
507,875850,99999,20190531,55.5,24,47.9,24,1018.8,24,1015.8,24,6.2,24,3.3,24,7.0,999.9,   62.6*,  50.7 , 0.00A,999.9,0,
508,875850,99999,20190601,59.0,24,52.8,24,1017.7,24,1014.7,24,6.2,24,2.8,24,6.0,999.9,   66.6*,  51.4 , 0.00I,999.9,0,
509,875850,99999,20190602,59.1,24,53.0,24,1021.0,24,1018.0,24,6.1,24,1.7,24,2.9,999.9,   69.1*,  47.7 , 0.00I,999.9,0,
510,875850,99999,20190603,60.4,24,51.6,24,1024.4,24,1021.4,24,6.2,24,2.3,24,7.0,999.9,   70.7*,  50.0 , 0.00I,999.9,0,
511,875850,99999,20190604,59.2,24,51.2,24,1024.7,24,1021.7,24,6.2,24,4.9,24,11.1,999.9,   70.5 ,  52.2 , 0.00I,999.9,0,
512,875850,99999,20190605,60.8,24,51.4,24,1017.9,24,1014.9,24,6.2,24,7.0,24,8.9,999.9,   67.3 ,  55.2 , 0.00I,999.9,0,
513,875850,99999,20190606,62.6,24,56.0,24,1012.4,24,1009.4,24,6.2,24,5.0,24,8.9,999.9,   68.9*,  56.8 , 0.00I,999.9,0,
514,875850,99999,20190607,60.6,24,47.6,24,1016.1,24,1013.1,24,5.9,24,3.9,24,8.0,999.9,   68.7 ,  52.9 , 0.04A,999.9,10000,
515,875850,99999,20190608,56.1,24,36.6,24,1019.9,24,1016.9,24,6.2,24,2.2,24,7.0,999.9,   69.1*,  46.8 , 0.00I,999.9,0,
516,875850,99999,20190609,58.7,24,43.7,24,1017.7,24,1014.7,24,6.2,24,3.5,24,7.0,999.9,   69.1 ,  48.6 , 0.00I,999.9,0,
517,875850,99999,20190610,63.1,24,58.3,24,1015.1,24,1012.1,24,6.2,24,2.7,24,7.0,999.9,   67.8 ,  55.0 , 0.00I,999.9,0,
518,875850,99999,20190611,59.3,24,55.3,24,1017.2,24,1014.2,24,6.1,24,5.2,24,9.9,999.9,   64.2 ,  54.7 , 0.00I,999.9,0,
519,875850,99999,20190612,66.2,24,62.8,24,1010.1,24,1007.1,24,6.1,24,3.8,24,8.9,999.9,   71.1*,  58.6 , 0.08A,999.9,10010,
520,875850,99999,20190613,63.8,24,62.0,24,1011.6,24,1008.6,24,5.0,24,4.4,24,8.9,999.9,   71.4 ,  59.9 , 0.24A,999.9,10010,
521,875850,99999,20190614,60.9,24,58.8,24,1013.5,24,1010.5,24,6.1,24,4.0,24,9.9,999.9,   67.3 ,  55.8*, 0.03C,0.4,10000,
522,875850,99999,20190615,55.0,24,52.1,24,1018.8,24,1015.8,24,5.7,24,7.3,24,14.0,999.9,   60.4 ,  51.8 , 1.46B,0.4,10010,
523,875850,99999,20190616,60.2,24,59.0,24,1020.0,24,1017.0,24,5.2,24,7.6,24,18.1,999.9,   63.5*,  52.7 , 1.74D,2.0,10010,
524,875850,99999,20190617,61.2,24,60.3,24,1019.2,24,1016.2,24,4.8,24,2.5,24,5.1,999.9,   63.5*,  57.4*, 0.87D,1.2,10000,
525,875850,99999,20190618,54.5,24,50.6,24,1011.9,24,1008.9,24,5.8,24,4.5,24,12.0,999.9,   63.3 ,  50.9 , 2.17C,2.8,10010,
526,875850,99999,20190619,56.6,24,42.8,24,1013.4,24,1010.4,24,6.2,24,5.5,24,9.9,999.9,   64.6*,  52.0 , 0.00I,999.9,0,
527,875850,99999,20190620,53.0,24,44.8,24,1021.9,24,1018.9,24,6.2,24,2.9,24,7.0,999.9,   64.6 ,  41.9 , 0.00I,999.9,0,
528,875850,99999,20190621,56.7,24,50.4,24,1020.1,24,1017.1,24,6.2,24,3.7,24,7.0,999.9,   61.5 ,  45.0 , 0.00I,999.9,0,
529,875850,99999,20190622,62.1,24,57.3,24,1019.0,24,1016.0,24,6.2,24,1.6,24,4.1,999.9,   68.4*,  56.1 , 0.00I,999.9,0,
530,875850,99999,20190623,64.2,24,61.3,24,1012.5,24,1009.5,24,6.0,24,1.9,24,8.0,999.9,   70.2*,  58.5 , 0.00I,999.9,0,
531,875850,99999,20190624,57.1,24,54.3,24,1008.0,24,1005.0,24,6.0,24,4.0,24,8.0,999.9,   70.7 ,  50.4 ,99.99 ,999.9,10000,
532,875850,99999,20190625,53.0,24,42.6,24,1007.4,24,1004.4,24,5.6,24,7.2,24,13.0,999.9,   60.8*,  46.2 , 0.35A,0.4,10010,
533,875850,99999,20190626,48.2,24,31.7,24,1015.1,24,1012.0,24,6.2,24,3.8,24,12.0,999.9,   58.1*,  39.9 , 0.00I,999.9,0,
534,875850,99999,20190627,52.3,24,34.6,24,1013.0,24,1010.0,24,6.2,24,7.4,24,13.0,999.9,   59.2*,  44.1 , 0.00I,999.9,0,
535,875850,99999,20190628,56.1,24,50.8,24,1009.5,24,1006.4,24,5.5,24,3.6,24,8.0,999.9,   59.5 ,  46.9 ,99.99 ,999.9,10000,
536,875850,99999,20190629,55.8,24,53.2,24,1008.9,24,1005.9,24,5.7,24,3.0,24,9.9,999.9,   58.5 ,  53.1*, 0.06B,999.9,10000,
537,875850,99999,20190630,50.8,24,46.1,24,1016.5,24,1013.5,24,5.6,24,4.4,24,12.0,999.9,   57.2 ,  47.8 , 0.06B,999.9,10000,
538,875850,99999,20190701,46.7,24,36.4,24,1019.9,24,1016.8,24,6.2,24,4.2,24,8.0,999.9,   56.5*,  36.0 , 0.00I,999.9,0,
539,875850,99999,20190702,51.5,24,38.7,24,1007.6,24,1004.6,24,6.2,24,5.2,24,15.0,999.9,   60.1*,  40.6 , 0.00I,999.9,0,
540,875850,99999,20190703,47.1,24,31.8,24,1012.1,24,1009.0,24,6.2,24,5.6,24,9.9,999.9,   60.1 ,  39.4 , 0.00I,999.9,0,
541,875850,99999,20190704,45.1,24,31.8,24,1018.9,24,1015.8,24,6.2,24,5.5,24,9.9,999.9,   53.4 ,  39.0 , 0.00I,999.9,0,
542,875850,99999,20190705,42.7,24,32.0,24,1027.4,24,1024.4,24,6.2,24,5.9,24,9.9,999.9,   51.8*,  34.2 , 0.00I,999.9,0,
543,875850,99999,20190706,43.1,24,30.3,24,1030.1,24,1027.0,24,6.2,24,1.9,24,7.0,999.9,   53.8*,  32.4 , 0.00I,999.9,0,
544,875850,99999,20190707,46.3,24,33.6,24,1027.6,24,1024.5,24,6.2,24,3.7,24,8.0,999.9,   55.6*,  34.2 , 0.00I,999.9,0,
545,875850,99999,20190708,50.7,24,37.3,24,1023.5,24,1020.4,24,6.2,24,3.9,24,9.9,999.9,   57.6*,  41.5 , 0.00I,999.9,0,
546,875850,99999,20190709,55.0,24,44.5,24,1021.4,24,1018.3,24,6.2,24,2.6,24,4.1,999.9,   62.1*,  44.6 , 0.00I,999.9,0,
547,875850,99999,20190710,56.1,24,48.5,24,1018.1,24,1015.1,24,6.2,24,2.0,24,4.1,999.9,   62.4 ,  50.4 , 0.00I,999.9,0,
548,875850,99999,20190711,55.2,24,49.2,24,1014.4,24,1011.4,24,5.4,24,2.7,24,6.0,999.9,   64.6*,  47.1 ,99.99 ,999.9,10010,
549,875850,99999,20190712,58.3,24,55.3,24,1013.2,24,1010.2,24,5.5,24,3.8,24,7.0,999.9,   66.9 ,  51.1 , 1.74D,1.6,10010,
550,875850,99999,20190713,50.3,24,45.2,24,1018.4,24,1015.3,24,5.2,24,2.4,24,6.0,999.9,   63.3 ,  43.0 , 0.00I,999.9,100000,
551,875850,99999,20190714,48.3,24,43.3,24,1020.3,24,1017.2,24,6.0,24,1.7,24,5.1,999.9,   57.2*,  39.9 , 0.00I,999.9,0,
552,875850,99999,20190715,53.8,24,45.2,24,1021.2,24,1018.1,24,6.2,24,1.8,24,5.1,999.9,   63.7*,  41.9 ,99.99 ,999.9,10000,
553,875850,99999,20190716,50.6,24,40.3,24,1024.3,24,1021.2,24,6.0,24,2.3,24,8.0,999.9,   63.7 ,  40.3 , 0.00I,999.9,0,
554,875850,99999,20190717,55.4,24,42.7,24,1023.2,24,1020.2,24,6.2,24,6.7,24,12.0,999.9,   63.5*,  42.4 , 0.00I,999.9,0,
555,875850,99999,20190718,57.2,24,48.0,24,1019.9,24,1016.9,24,6.1,24,3.6,24,8.0,999.9,   63.5*,  51.3 ,99.99 ,999.9,10000,
556,875850,99999,20190719,58.3,24,51.8,24,1019.0,24,1016.0,24,5.8,24,2.6,24,8.0,999.9,   67.5*,  49.8 , 0.01A,999.9,10000,
557,875850,99999,20190720,61.0,24,56.7,24,1012.9,24,1009.9,24,6.2,24,3.7,24,7.0,999.9,   67.6 ,  52.0 ,99.99 ,999.9,10000,
558,875850,99999,20190721,70.6,24,60.6,24,1002.1,24,999.2,24,6.0,24,8.1,24,15.0,999.9,   81.7*,  58.1*, 0.01A,999.9,10010,
559,875850,99999,20190722,55.0,24,40.4,24,1016.0,24,1013.0,24,6.1,24,6.3,24,13.0,999.9,   81.7 ,  48.9 , 0.44B,0.4,10010,
560,875850,99999,20190723,50.6,24,41.3,24,1025.2,24,1022.1,24,6.2,24,4.3,24,9.9,999.9,   61.3 ,  46.4 , 0.00I,999.9,0,
561,875850,99999,20190724,50.5,24,35.7,24,1029.4,24,1026.3,24,6.2,24,3.2,24,8.0,999.9,   59.0*,  39.9 , 0.00I,999.9,0,
562,875850,99999,20190725,50.8,24,44.2,24,1026.7,24,1023.6,24,5.9,24,4.2,24,9.9,999.9,   59.0 ,  44.6 ,99.99 ,999.9,10000,
563,875850,99999,20190726,54.1,24,53.0,24,1018.5,24,1015.4,24,5.2,24,3.7,24,7.0,999.9,   57.2*,  49.1 , 0.78D,0.8,10000,
564,875850,99999,20190727,54.8,24,48.1,24,1026.5,24,1023.4,24,6.1,24,2.0,24,6.0,999.9,   63.9*,  43.2 , 0.02B,999.9,10000,
565,875850,99999,20190728,53.9,24,48.3,24,1025.5,24,1022.4,24,6.2,24,4.0,24,8.0,999.9,   64.4 ,  46.4 , 0.00I,999.9,0,
566,875850,99999,20190729,55.6,24,49.1,24,1019.4,24,1016.4,24,6.2,24,1.7,24,5.1,999.9,   60.1 ,  49.1 , 0.00I,999.9,0,
567,875850,99999,20190730,54.3,24,47.3,24,1018.2,24,1015.2,24,6.2,24,2.7,24,6.0,999.9,   64.8*,  45.5 , 0.00I,999.9,0,
568,875850,99999,20190731,59.2,24,51.3,24,1011.7,24,1008.7,24,6.2,24,5.9,24,9.9,999.9,   68.9*,  47.7 , 0.00I,999.9,0,
569,875850,99999,20190801,57.4,24,42.9,24,1011.3,24,1008.2,24,6.2,24,5.9,24,20.0,999.9,   68.9 ,  53.6 , 0.00I,999.9,0,
570,875850,99999,20190802,52.3,24,32.1,24,1022.1,24,1019.1,24,6.2,24,7.2,24,12.0,999.9,   62.2 ,  43.7 , 0.00I,999.9,0,
571,875850,99999,20190803,51.9,24,33.5,24,1027.8,24,1024.7,24,6.2,24,4.0,24,8.9,999.9,   62.8*,  42.1 , 0.00I,999.9,0,
572,875850,99999,20190804,54.1,24,35.1,24,1029.0,24,1025.9,24,6.2,24,5.6,24,15.0,999.9,   64.4*,  45.7 , 0.00I,999.9,0,
573,875850,99999,20190805,57.0,24,39.8,24,1024.1,24,1021.1,24,6.2,24,7.0,24,12.0,999.9,   66.2*,  49.5 , 0.00I,999.9,0,
574,875850,99999,20190806,61.4,24,45.4,24,1016.0,24,1013.0,24,6.2,24,6.8,24,14.0,999.9,   72.9*,  50.5 , 0.00I,999.9,0,
575,875850,99999,20190807,56.6,24,42.7,24,1019.7,24,1016.7,24,6.2,24,4.6,24,8.9,999.9,   73.0 ,  51.6 , 0.00I,999.9,0,
576,875850,99999,20190808,53.2,24,39.4,24,1026.1,24,1023.1,24,6.2,24,5.5,24,12.0,999.9,   62.2 ,  50.4*, 0.00I,999.9,0,
577,875850,99999,20190809,48.9,24,43.4,24,1022.3,24,1019.3,24,5.4,24,5.0,24,8.0,999.9,   59.0 ,  45.1 , 0.56C,0.4,10000,
578,875850,99999,20190810,50.6,24,37.3,24,1019.4,24,1016.3,24,6.2,24,3.9,24,8.0,999.9,   63.5*,  38.1 , 0.01A,0.4,10000,
579,875850,99999,20190811,54.9,24,41.9,24,1017.3,24,1014.3,24,6.2,24,4.5,24,8.0,999.9,   64.4*,  45.1 , 0.00I,999.9,0,
580,875850,99999,20190812,53.5,24,42.6,24,1019.6,24,1016.6,24,6.2,24,5.8,24,14.0,999.9,   64.6 ,  48.2 , 0.00I,999.9,0,
581,875850,99999,20190813,44.9,24,32.2,24,1033.6,24,1030.5,24,6.2,24,4.4,24,9.9,999.9,   56.7 ,  35.6 , 0.00I,999.9,0,
582,875850,99999,20190814,43.9,24,31.0,24,1034.4,24,1031.2,24,6.2,24,4.5,24,13.0,999.9,   52.3 ,  33.8 , 0.00I,999.9,0,
583,875850,99999,20190815,52.4,24,40.5,24,1024.9,24,1021.9,24,6.2,24,4.8,24,16.9,999.9,   61.7*,  41.5 , 0.00I,999.9,0,
584,875850,99999,20190816,59.0,24,49.4,24,1015.7,24,1012.6,24,6.1,24,2.5,24,6.0,999.9,   69.3*,  50.0 , 0.00I,999.9,0,
585,875850,99999,20190817,58.5,24,52.0,24,1009.8,24,1006.7,24,5.7,24,3.1,24,8.0,999.9,   69.8 ,  54.0*, 1.26B,0.4,10110,
586,875850,99999,20190818,50.7,24,39.9,24,1023.1,24,1020.1,24,6.2,24,6.2,24,11.1,999.9,   63.0 ,  44.6 , 0.00I,0.8,0,
587,875850,99999,20190819,43.6,24,28.8,24,1030.6,24,1027.5,24,6.2,24,3.7,24,7.0,999.9,   55.4 ,  36.0 , 0.00I,999.9,0,
588,875850,99999,20190820,46.7,24,33.8,24,1031.2,24,1028.2,24,6.2,24,4.1,24,8.9,999.9,   53.1*,  39.2 , 0.00I,999.9,0,
589,875850,99999,20190821,49.3,24,39.1,24,1030.4,24,1027.3,24,6.2,24,5.1,24,8.9,999.9,   54.5*,  44.8 , 0.00I,999.9,0,
590,875850,99999,20190822,52.3,24,42.9,24,1028.6,24,1025.5,24,6.2,24,3.0,24,7.0,999.9,   60.1*,  47.5 , 0.00I,999.9,0,
591,875850,99999,20190823,52.8,24,41.3,24,1026.6,24,1023.5,24,6.2,24,1.7,24,5.1,999.9,   63.7*,  43.2 , 0.00I,999.9,0,
592,875850,99999,20190824,56.8,24,47.8,24,1023.6,24,1020.7,24,6.2,24,4.5,24,8.9,999.9,   64.0 ,  49.8 , 0.00I,999.9,0,
593,875850,99999,20190825,59.1,24,49.1,24,1020.6,24,1017.6,24,6.2,24,4.1,24,8.0,999.9,   64.4*,  52.7 , 0.00I,999.9,0,
594,875850,99999,20190826,63.7,24,56.5,24,1018.3,24,1015.3,24,6.2,24,2.7,24,7.0,999.9,   73.8*,  55.8 , 0.00I,999.9,0,
595,875850,99999,20190827,64.9,24,57.8,24,1021.9,24,1018.9,24,6.0,24,3.0,24,8.9,999.9,   74.3*,  54.7 , 0.00I,999.9,0,
596,875850,99999,20190828,69.0,24,59.1,24,1014.1,24,1011.1,24,6.2,24,6.8,24,9.9,999.9,   78.8*,  61.7 , 0.00I,999.9,0,
597,875850,99999,20190829,70.1,24,58.2,24,1008.8,24,1005.9,24,6.2,24,5.0,24,9.9,999.9,   78.8 ,  63.5*, 0.12A,999.9,10010,
598,875850,99999,20190830,57.4,22,44.3,22,1016.5,22,1013.5,22,6.2,22,3.1,22,6.0,999.9,   72.5 ,  53.6*,99.99 ,999.9,10000,
599,875850,99999,20190831,55.0,24,37.7,24,1019.2,24,1016.2,24,6.2,24,3.1,24,7.0,999.9,   66.4*,  45.1 , 0.00I,999.9,0,
600,875850,99999,20190901,52.4,24,32.8,24,1020.6,24,1017.6,24,6.2,24,4.0,24,14.0,999.9,   67.6 ,  44.6 , 0.00I,999.9,0,
601,875850,99999,20190902,50.9,24,32.1,24,1018.4,24,1015.3,24,6.2,24,3.3,24,12.0,999.9,   61.0*,  42.8 , 0.00I,999.9,0,
602,875850,99999,20190903,47.2,23,29.5,23,1024.0,23,1021.0,23,6.2,23,4.6,23,8.9,999.9,   61.7 ,  36.3 , 0.00I,999.9,0,
603,875850,99999,20190904,48.1,24,28.4,24,1028.8,24,1025.7,24,6.2,24,4.0,24,8.0,999.9,   57.6 ,  38.3 , 0.00I,999.9,0,
604,875850,99999,20190905,48.9,24,34.3,24,1032.2,24,1029.1,24,6.2,24,5.1,24,13.0,999.9,   56.5 ,  42.8 ,99.99 ,999.9,10000,
605,875850,99999,20190906,53.5,24,44.6,24,1023.4,24,1020.4,24,6.2,24,6.3,24,9.9,999.9,   61.2*,  46.4 , 0.00I,999.9,0,
606,875850,99999,20190907,58.6,24,51.7,24,1015.2,24,1012.2,24,6.1,24,4.0,24,7.0,999.9,   65.5*,  52.5 , 0.00I,999.9,0,
607,875850,99999,20190908,57.1,24,51.6,24,1014.1,24,1011.1,24,6.2,24,2.2,24,6.0,999.9,   65.8 ,  51.8 , 0.00I,999.9,0,
608,875850,99999,20190909,56.5,24,53.7,24,1009.9,24,1006.8,24,5.7,24,5.5,24,12.0,999.9,   66.2 ,  54.1 , 0.86B,999.9,10010,
609,875850,99999,20190910,56.3,24,51.4,24,1018.3,24,1015.3,24,6.1,24,3.8,24,7.0,999.9,   62.8*,  51.8 , 0.08A,0.8,10000,
610,875850,99999,20190911,56.7,24,47.9,24,1019.4,24,1016.4,24,6.2,24,4.0,24,7.0,999.9,   64.8*,  51.1 , 0.00I,999.9,0,
611,875850,99999,20190912,55.9,24,42.8,24,1020.8,24,1017.8,24,6.2,24,3.6,24,7.0,999.9,   66.2*,  45.7 , 0.00I,999.9,0,
612,875850,99999,20190913,57.8,23,45.5,23,1023.3,23,1020.3,23,6.2,23,2.4,23,6.0,999.9,   67.6 ,  48.2 , 0.00I,999.9,0,
613,875850,99999,20190914,59.9,24,48.1,24,1017.5,24,1014.5,24,6.2,24,5.4,24,11.1,999.9,   68.4*,  52.9 , 0.00I,999.9,0,
614,875850,99999,20190915,63.5,24,54.7,24,1009.7,24,1006.7,24,6.2,24,3.7,24,9.9,999.9,   73.4*,  55.0 , 0.00I,999.9,0,
615,875850,99999,20190916,61.0,23,41.3,23,1017.2,23,1014.2,23,6.2,23,5.8,23,12.0,999.9,   73.8 ,  54.5 , 0.00I,999.9,0,
616,875850,99999,20190917,60.8,24,33.3,24,1014.3,24,1011.3,24,6.2,24,4.4,24,9.9,999.9,   75.6*,  47.7 , 0.00I,999.9,0,
617,875850,99999,20190918,61.7,24,41.4,24,1009.7,24,1006.7,24,6.2,24,3.6,24,8.0,999.9,   76.1 ,  49.1 , 0.00I,999.9,0,
618,875850,99999,20190919,62.7,24,39.1,24,1006.6,24,1003.7,24,6.2,24,6.2,24,9.9,999.9,   70.5 ,  56.3*, 0.00I,999.9,0,
619,875850,99999,20190920,56.8,24,26.8,24,1018.8,24,1015.8,24,6.2,24,2.8,24,8.0,999.9,   70.2*,  43.5 , 0.00I,999.9,0,
620,875850,99999,20190921,62.0,24,31.1,24,1019.8,24,1016.8,24,6.2,24,3.8,24,9.9,999.9,   76.3*,  50.7 , 0.00I,999.9,0,
621,875850,99999,20190922,58.8,24,27.9,24,1028.4,24,1025.4,24,6.2,24,4.9,24,11.1,999.9,   77.0 ,  49.1 , 0.00I,999.9,0,
622,875850,99999,20190923,59.1,24,39.8,24,1026.5,24,1023.5,24,6.2,24,6.3,24,15.0,999.9,   66.6*,  51.4 , 0.00I,999.9,0,
623,875850,99999,20190924,65.5,24,44.1,24,1022.6,24,1019.7,24,6.2,24,3.3,24,7.0,999.9,   79.2*,  52.7 , 0.00I,999.9,0,
624,875850,99999,20190925,72.4,24,44.6,24,1019.9,24,1016.9,24,6.2,24,3.4,24,8.0,999.9,   87.8*,  57.6 , 0.00I,999.9,0,
625,875850,99999,20190926,68.8,24,49.8,24,1020.9,24,1018.0,24,6.2,24,3.8,24,9.9,999.9,   87.6 ,  55.4 , 0.00I,999.9,0,
626,875850,99999,20190927,61.3,24,49.0,24,1023.2,24,1020.2,24,6.2,24,6.9,24,12.0,999.9,   81.3 ,  56.7 , 0.00I,999.9,0,
627,875850,99999,20190928,63.2,24,50.8,24,1018.5,24,1015.5,24,6.2,24,6.5,24,14.0,999.9,   71.8*,  55.8 , 0.00I,999.9,0,
628,875850,99999,20190929,69.7,24,56.1,24,1011.7,24,1008.8,24,6.2,24,5.0,24,9.9,999.9,   81.5*,  57.9 , 0.00I,999.9,0,
629,875850,99999,20190930,72.4,24,55.7,24,1002.3,24,999.4,24,6.1,24,7.1,24,13.0,999.9,   81.5 ,  66.2 , 0.01A,999.9,10010,
630,875850,99999,20191001,58.1,24,51.0,24,1006.6,24,1003.6,24,6.0,24,7.3,24,12.0,999.9,   81.0 ,  51.1 , 1.81C,2.0,10010,
631,875850,99999,20191002,57.2,22,39.5,22,1017.3,22,1014.3,22,6.2,22,8.9,22,20.0,999.9,   62.1*,  52.2 , 0.00I,999.9,0,
632,875850,99999,20191003,52.3,24,41.4,24,1026.4,24,1023.3,24,6.2,24,8.1,24,14.0,999.9,   63.1 ,  43.3 , 0.00I,999.9,0,
633,875850,99999,20191004,56.9,23,53.2,23,1020.3,23,1017.3,23,5.4,23,5.9,23,13.0,999.9,   59.0 ,  51.4 , 0.19C,999.9,10010,
634,875850,99999,20191005,59.8,24,49.6,24,1020.0,24,1017.0,24,5.8,24,4.0,24,8.0,999.9,   68.4*,  50.0 , 0.04A,999.9,10000,
635,875850,99999,20191006,60.9,24,44.3,24,1021.7,24,1018.7,24,6.2,24,5.6,24,12.0,999.9,   69.3*,  51.8 , 0.00I,999.9,0,
636,875850,99999,20191007,66.5,24,45.4,24,1014.7,24,1011.7,24,6.2,24,5.9,24,9.9,999.9,   78.8*,  55.4 , 0.00I,999.9,0,
637,875850,99999,20191008,66.9,24,39.0,24,1016.9,24,1013.9,24,6.2,24,2.1,24,8.9,999.9,   81.0*,  51.8 , 0.00I,999.9,0,
638,875850,99999,20191009,69.0,24,51.2,24,1015.6,24,1012.7,24,6.2,24,3.5,24,8.0,999.9,   82.4*,  57.2 ,99.99 ,999.9,10010,
639,875850,99999,20191010,72.1,24,61.6,24,1010.7,24,1007.7,24,6.2,24,4.4,24,9.9,999.9,   82.8 ,  62.6 , 0.40C,0.4,10010,
640,875850,99999,20191011,70.7,24,63.3,24,1007.3,24,1004.4,24,5.8,24,4.9,24,9.9,999.9,   80.6 ,  64.4 , 1.14B,0.8,10010,
641,875850,99999,20191012,66.1,24,62.6,24,1007.7,24,1004.7,24,5.5,24,6.4,24,12.0,999.9,   73.6 ,  60.8 , 3.15C,2.4,10010,
642,875850,99999,20191013,64.4,24,55.5,24,1014.5,24,1011.5,24,6.1,24,5.8,24,18.1,999.9,   68.4 ,  59.0*, 0.00I,1.2,0,
643,875850,99999,20191014,52.4,24,37.7,24,1029.0,24,1025.9,24,6.2,24,8.7,24,13.0,999.9,   66.7 ,  46.8 , 0.00I,999.9,0,
644,875850,99999,20191015,52.5,24,43.9,24,1029.9,24,1026.9,24,5.9,24,6.1,24,9.9,999.9,   57.6 ,  47.5 , 0.04A,999.9,10000,
645,875850,99999,20191016,57.5,24,54.0,24,1023.9,24,1020.9,24,5.5,24,6.8,24,13.0,999.9,   61.9*,  52.0 , 0.47D,0.4,10000,
646,875850,99999,20191017,62.4,23,59.3,23,1015.6,23,1012.6,23,5.5,23,6.7,23,15.0,999.9,   66.2*,  56.1 , 1.31B,999.9,10000,
647,875850,99999,20191018,65.0,24,51.6,24,1017.6,24,1014.6,24,6.2,24,4.9,24,15.0,999.9,   76.5*,  54.0 , 0.08A,1.6,0,
648,875850,99999,20191019,63.8,24,49.5,24,1023.2,24,1020.2,24,6.2,24,2.6,24,7.0,999.9,   76.5 ,  50.0 , 0.00I,999.9,0,
649,875850,99999,20191020,60.1,24,49.3,24,1020.7,24,1017.8,24,6.2,24,5.1,24,8.0,999.9,   75.7 ,  57.0 , 0.00I,999.9,0,
650,875850,99999,20191021,60.1,24,53.2,24,1017.4,24,1014.4,24,5.7,24,2.6,24,6.0,999.9,   65.7*,  55.8 , 0.04B,999.9,10000,
651,875850,99999,20191022,62.8,24,45.8,24,1015.9,24,1012.9,24,6.2,24,3.7,24,9.9,999.9,   73.4*,  53.6 , 0.00I,999.9,0,
652,875850,99999,20191023,63.3,24,46.1,24,1015.3,24,1012.4,24,6.2,24,5.2,24,9.9,999.9,   73.6*,  50.9 , 0.00I,999.9,0,
653,875850,99999,20191024,66.2,24,45.4,24,1014.9,24,1011.9,24,6.2,24,2.8,24,7.0,999.9,   79.7*,  49.1 , 0.00I,999.9,0,
654,875850,99999,20191025,73.9,24,53.5,24,1015.2,24,1012.3,24,6.2,24,3.3,24,9.9,999.9,   86.4*,  61.5 , 0.00I,999.9,0,
655,875850,99999,20191026,77.0,24,53.5,24,1010.4,24,1007.5,24,6.2,24,5.5,24,13.0,999.9,   86.4 ,  68.4 , 0.00I,999.9,0,
656,875850,99999,20191027,73.8,24,59.5,24,1007.4,24,1004.5,24,6.1,24,4.7,24,8.9,999.9,   86.4 ,  66.7 , 0.04B,999.9,10010,
657,875850,99999,20191028,69.4,24,64.3,24,1005.0,24,1002.1,24,6.0,24,4.5,24,13.0,999.9,   81.1 ,  63.7*, 0.31B,0.4,10010,
658,875850,99999,20191029,62.7,24,55.5,24,1008.7,24,1005.7,24,6.2,24,6.1,24,8.0,999.9,   73.0 ,  55.4 , 0.00I,999.9,0,
659,875850,99999,20191030,65.4,24,56.4,24,1013.0,24,1010.0,24,6.2,24,6.2,24,13.0,999.9,   72.9*,  59.0 , 0.00I,999.9,0,
660,875850,99999,20191031,66.5,24,49.3,24,1020.0,24,1017.0,24,6.2,24,4.8,24,9.9,999.9,   75.2*,  55.8 , 0.00I,999.9,0,
661,875850,99999,20191101,67.5,24,59.5,24,1015.3,24,1012.4,24,6.2,24,7.4,24,15.0,999.9,   75.6 ,  61.5 ,99.99 ,999.9,10010,
662,875850,99999,20191102,73.5,24,60.5,24,1011.0,24,1008.1,24,6.2,24,4.7,24,13.0,999.9,   82.4*,  64.8 , 0.01A,999.9,10010,
663,875850,99999,20191103,66.7,24,49.4,24,1012.3,24,1009.3,24,6.2,24,5.5,24,15.0,999.9,   82.9 ,  54.0 , 0.00I,999.9,0,
664,875850,99999,20191104,69.6,24,64.8,24,1005.7,24,1002.8,24,5.8,24,3.3,24,7.0,999.9,   76.1 ,  65.3 , 1.58C,999.9,10010,
665,875850,99999,20191105,69.1,24,57.4,24,1013.3,24,1010.3,24,6.2,24,3.2,24,7.0,999.9,   78.1*,  57.6 , 0.31A,999.9,0,
666,875850,99999,20191106,71.1,24,56.4,24,1015.6,24,1012.7,24,6.2,24,3.8,24,8.0,999.9,   81.0*,  62.6 , 0.00I,999.9,0,
667,875850,99999,20191107,73.1,19,55.5,19,1012.5,19,1009.5,19,6.2,19,5.7,19,14.0,999.9,   86.4*,  64.0 , 0.00I,999.9,0,
668,875850,99999,20191108,67.4,24,49.9,24,1014.8,24,1011.8,24,6.2,24,7.0,24,9.9,999.9,   88.9 ,  58.1 , 0.00I,999.9,0,
669,875850,99999,20191109,69.9,24,59.5,24,1016.0,24,1013.1,24,6.1,24,6.4,24,11.1,999.9,   77.4*,  63.9 , 0.06B,999.9,10000,
670,875850,99999,20191110,69.6,24,55.7,24,1020.3,24,1017.4,24,6.2,24,6.0,24,9.9,999.9,   78.1 ,  60.8 , 0.00I,999.9,0,
671,875850,99999,20191111,70.0,24,57.9,24,1020.3,24,1017.4,24,6.2,24,5.1,24,8.0,999.9,   76.5*,  64.4 , 0.00I,999.9,0,
672,875850,99999,20191112,73.0,24,61.1,24,1014.2,24,1011.3,24,6.2,24,6.3,24,15.0,999.9,   82.4*,  65.5 , 0.00I,999.9,0,
673,875850,99999,20191113,78.9,24,64.8,24,1008.2,24,1005.3,24,6.2,24,2.7,24,7.0,999.9,   89.6*,  68.0 , 0.00I,999.9,0,
674,875850,99999,20191114,77.4,24,57.3,24,1010.1,24,1007.2,24,6.2,24,4.2,24,13.0,999.9,   90.3 ,  66.9 , 0.00I,999.9,0,
675,875850,99999,20191115,76.4,24,58.1,24,1013.1,24,1010.2,24,6.2,24,4.0,24,8.0,999.9,   86.0 ,  67.8 , 0.00I,999.9,0,
676,875850,99999,20191116,72.9,24,59.0,24,1010.4,24,1007.5,24,5.9,24,5.7,24,15.0,999.9,   84.9 ,  66.9 , 0.16A,999.9,10000,
677,875850,99999,20191117,77.0,24,61.1,24,1010.1,24,1007.2,24,6.2,24,3.5,24,11.1,999.9,   88.7*,  64.0 , 0.00I,999.9,0,
678,875850,99999,20191118,79.7,24,64.2,24,1012.8,24,1009.8,24,6.1,24,2.4,24,8.0,999.9,   91.8*,  71.1 ,99.99 ,999.9,10010,
679,875850,99999,20191119,77.7,24,65.4,24,1015.3,24,1012.4,24,6.1,24,2.9,24,6.0,999.9,   93.0 ,  66.7 , 0.67A,999.9,10000,
680,875850,99999,20191120,83.5,24,64.0,24,1012.5,24,1009.7,24,6.2,24,4.1,24,8.0,999.9,   94.3*,  74.8 , 0.00I,999.9,0,
681,875850,99999,20191121,81.4,24,69.2,24,1011.5,24,1008.7,24,6.2,24,4.8,24,15.0,999.9,   94.6 ,  70.5 , 0.00I,999.9,0,
682,875850,99999,20191122,72.0,22,60.9,22,1014.2,22,1011.3,22,6.0,22,6.6,22,9.9,999.9,   90.5 ,  66.9 , 0.47B,999.9,10000,
683,875850,99999,20191123,65.7,20,48.8,20,1021.7,20,1018.7,20,6.2,20,7.0,20,11.1,999.9,   76.5 ,  55.4*, 0.00I,999.9,0,
684,875850,99999,20191124,69.8,24,53.5,24,1017.4,24,1014.5,24,6.2,24,9.3,24,16.9,999.9,   78.1*,  61.9 , 0.00I,999.9,0,
685,875850,99999,20191125,67.4,24,57.1,24,1010.4,24,1007.5,24,6.0,24,6.3,24,11.1,999.9,   78.6 ,  62.4 , 0.28A,999.9,10000,
686,875850,99999,20191126,70.7,21,60.9,21,1009.2,21,1006.3,21,6.2,21,4.0,21,8.0,999.9,   77.0*,  63.1 ,99.99 ,999.9,10000,
687,875850,99999,20191127,71.8,24,48.9,24,1013.2,24,1010.3,24,6.2,24,3.7,24,9.9,999.9,   83.3*,  54.7 , 0.00I,999.9,0,
688,875850,99999,20191128,74.5,24,50.9,24,1012.6,24,1009.7,24,6.2,24,3.7,24,12.0,999.9,   86.0*,  58.3 , 0.00I,999.9,0,
689,875850,99999,20191129,76.6,24,56.1,24,1006.6,24,1003.7,24,6.2,24,5.2,24,9.9,999.9,   88.0 ,  68.7 ,99.99 ,999.9,10010,
690,875850,99999,20191130,73.5,24,51.8,24,1009.1,24,1006.2,24,6.2,24,3.9,24,12.0,999.9,   87.1 ,  60.4 , 0.20A,999.9,0,
691,875850,99999,20191201,69.8,24,38.6,24,1018.7,24,1015.7,24,6.2,24,5.0,24,9.9,999.9,   84.7 ,  56.3 , 0.00I,999.9,0,
692,875850,99999,20191202,70.4,24,47.9,24,1018.6,24,1015.6,24,6.2,24,4.5,24,9.9,999.9,   80.1*,  56.1 , 0.00I,999.9,0,
693,875850,99999,20191203,70.1,24,49.7,24,1011.3,24,1008.3,24,6.2,24,4.6,24,12.0,999.9,   80.6 ,  64.8*, 0.08A,999.9,10000,
694,875850,99999,20191204,69.0,24,56.7,24,1010.7,24,1007.8,24,6.2,24,2.6,24,8.0,999.9,   76.5 ,  62.1*, 0.00I,999.9,0,
695,875850,99999,20191205,65.5,24,46.8,24,1013.5,24,1010.5,24,6.2,24,5.0,24,11.1,999.9,   77.9*,  52.9 , 0.00I,999.9,0,
696,875850,99999,20191206,75.4,24,47.7,24,1009.9,24,1007.0,24,6.2,24,3.9,24,7.0,999.9,   87.8*,  62.1 , 0.00I,999.9,0,
697,875850,99999,20191207,72.1,22,47.5,22,1014.9,22,1012.0,22,6.2,22,3.4,22,12.0,999.9,   87.8 ,  55.4 , 0.00I,999.9,0,
698,875850,99999,20191208,78.3,24,50.6,24,1010.8,24,1007.9,24,6.2,24,4.9,24,13.0,999.9,   91.8*,  66.9 , 0.00I,999.9,0,
699,875850,99999,20191209,81.8,22,58.6,22,1010.4,22,1007.5,22,6.2,22,4.2,22,9.9,999.9,   97.2*,  68.4 ,99.99 ,999.9,10010,
700,875850,99999,20191210,87.6,24,58.6,24,1008.2,24,1005.4,24,6.2,24,3.7,24,8.0,999.9,   99.9*,  74.3 , 0.00I,999.9,0,
701,875850,99999,20191211,87.1,24,58.7,24,1005.2,24,1002.4,24,6.2,24,4.7,24,13.0,999.9,  100.2 ,  76.1 , 0.00I,999.9,0,
702,875850,99999,20191212,74.1,24,51.5,24,1007.5,24,1004.6,24,6.1,24,8.0,24,13.0,999.9,   97.3 ,  68.4 , 0.28A,999.9,10010,
703,875850,99999,20191213,67.3,24,41.1,24,1015.8,24,1012.9,24,6.2,24,4.6,24,9.9,999.9,   79.5 ,  53.6 , 0.00I,999.9,0,
704,875850,99999,20191214,75.9,24,53.9,24,1012.8,24,1009.9,24,6.2,24,4.0,24,8.0,999.9,   86.0*,  64.4 , 0.00I,999.9,0,
705,875850,99999,20191215,71.1,22,63.4,22,1008.1,22,1005.2,22,5.8,22,4.0,22,13.0,999.9,   86.9 ,  66.4 , 0.31B,999.9,10000,
706,875850,99999,20191216,71.7,24,58.5,24,1009.5,24,1006.6,24,6.2,24,3.1,24,9.9,999.9,   81.9*,  57.9 , 0.00I,999.9,10,
707,875850,99999,20191217,74.4,24,59.4,24,1012.7,24,1009.8,24,6.2,24,4.5,24,8.9,999.9,   83.1 ,  63.3 , 0.00I,999.9,0,
708,875850,99999,20191218,79.5,24,60.3,24,1012.7,24,1009.8,24,6.2,24,6.9,24,13.0,999.9,   89.6*,  70.7 , 0.00I,999.9,0,
709,875850,99999,20191219,82.4,24,57.1,24,1011.1,24,1008.1,24,6.2,24,5.3,24,9.9,999.9,   90.5*,  72.5 , 0.00I,999.9,0,
710,875850,99999,20191220,74.2,24,64.7,24,1008.9,24,1006.0,24,6.0,24,4.7,24,8.0,999.9,   90.7 ,  66.4*, 0.43A,999.9,10010,
711,875850,99999,20191221,66.1,24,53.0,24,1010.6,24,1007.6,24,6.2,24,6.6,24,9.9,999.9,   80.1 ,  56.1 , 0.04A,999.9,0,
712,875850,99999,20191222,66.4,24,46.0,24,1015.7,24,1012.7,24,6.2,24,4.5,24,13.0,999.9,   80.6*,  51.1 , 0.00I,999.9,0,
713,875850,99999,20191223,74.6,24,51.0,24,1013.3,24,1010.3,24,6.2,24,3.9,24,8.9,999.9,   86.4*,  61.3 , 0.00I,999.9,0,
714,875850,99999,20191224,80.4,24,52.9,24,1006.3,24,1003.4,24,6.2,24,7.6,24,15.9,999.9,   91.8*,  68.9 , 0.00I,999.9,0,
715,875850,99999,20191225,72.8,24,52.8,24,1012.6,24,1009.7,24,6.1,24,5.7,24,9.9,999.9,   91.9 ,  59.9*,99.99 ,999.9,10010,
716,875850,99999,20191226,69.7,23,60.4,23,1015.2,23,1012.2,23,6.0,23,4.2,23,8.0,999.9,   81.0*,  59.5 , 0.28A,999.9,10010,
717,875850,99999,20191227,79.1,24,71.3,24,1012.5,24,1009.6,24,5.9,24,4.6,24,9.9,999.9,   91.8*,  68.7 , 1.89C,999.9,10010,
718,875850,99999,20191228,81.2,24,71.4,24,1010.5,24,1007.6,24,6.2,24,4.2,24,12.0,999.9,   91.9 ,  77.0*, 0.28A,999.9,10010,
719,875850,99999,20191229,82.6,22,70.4,22,1011.8,22,1008.9,22,6.2,22,2.1,22,5.1,999.9,   93.6*,  72.3 ,99.99 ,999.9,10010,
720,875850,99999,20191230,76.3,24,71.4,24,1010.2,24,1007.3,24,5.4,24,3.6,24,8.0,999.9,   93.7 ,  72.9*, 1.29B,999.9,10010,
721,875850,99999,20191231,76.6,24,70.6,24,1007.0,24,1004.1,24,6.0,24,5.4,24,9.9,999.9,   81.9*,  70.5 , 0.73C,999.9,10000,
